Date, Open, High, Low, Close, Volume
11/01/22, 435.00, 435.00, 432.00, 432.00, 8500
10/31/22, 430.00, 430.00, 430.00, 430.00, 8300
10/28/22, 435.00, 435.00, 433.00, 434.00, 600
10/27/22, 433.00, 435.00, 432.00, 432.50, 16200
10/26/22, 435.00, 435.00, 435.00, 435.00, 100
10/25/22, 433.00, 440.00, 433.00, 433.75, 4300
10/24/22, 444.00, 444.00, 433.00, 433.50, 4100
10/21/22, 434.00, 434.00, 434.00, 434.00, 400
10/19/22, 436.00, 436.00, 434.25, 435.25, 600
10/18/22, 440.00, 440.00, 430.00, 434.25, 11200
10/17/22, 438.00, 438.00, 435.00, 436.75, 500
10/14/22, 438.00, 438.00, 438.00, 438.00, 2200
10/13/22, 438.00, 438.00, 438.00, 438.00, 100
10/12/22, 444.00, 444.00, 440.00, 440.75, 600
10/11/22, 439.00, 439.00, 439.00, 439.00, 100
10/07/22, 441.00, 441.00, 430.00, 433.50, 3300
10/06/22, 440.50, 440.50, 440.50, 440.50, 100
10/05/22, 440.50, 440.50, 440.50, 440.50, 100
10/04/22, 440.00, 444.00, 440.00, 440.25, 1100
10/03/22, 444.00, 444.00, 435.00, 443.00, 800
09/30/22, 440.00, 440.25, 440.00, 440.00, 500
09/29/22, 441.00, 441.00, 440.00, 440.25, 400
09/28/22, 445.00, 445.00, 445.00, 445.00, 700
09/27/22, 442.00, 442.00, 442.00, 442.00, 1300
09/26/22, 450.00, 450.00, 442.00, 443.00, 1800
09/23/22, 442.00, 450.00, 442.00, 449.50, 1700
09/22/22, 445.00, 445.00, 442.00, 442.00, 6400
09/21/22, 450.00, 450.00, 437.00, 443.50, 1300
09/20/22, 450.00, 450.00, 450.00, 450.00, 500
09/19/22, 440.00, 450.00, 440.00, 442.00, 1900
09/16/22, 440.00, 440.00, 437.00, 440.00, 3100
09/15/22, 450.00, 450.00, 440.00, 443.25, 600
09/14/22, 450.00, 450.00, 440.00, 447.50, 400
09/12/22, 450.00, 450.00, 450.00, 450.00, 1000
09/09/22, 450.00, 450.00, 450.00, 450.00, 200
09/08/22, 450.00, 450.00, 450.00, 450.00, 200
09/07/22, 450.00, 450.00, 450.00, 450.00, 8200
09/06/22, 448.00, 470.00, 448.00, 463.25, 2000
09/02/22, 450.00, 450.00, 449.75, 449.75, 8200
08/31/22, 448.00, 450.00, 448.00, 450.00, 2600
08/30/22, 450.00, 450.00, 445.00, 447.50, 200
08/29/22, 440.00, 440.00, 440.00, 440.00, 1500
08/26/22, 440.00, 440.00, 440.00, 440.00, 100
08/25/22, 440.25, 440.25, 440.00, 440.25, 400
08/24/22, 460.00, 460.00, 460.00, 460.00, 200
08/23/22, 445.00, 445.00, 440.00, 440.25, 4700
08/22/22, 440.00, 440.00, 437.00, 439.25, 1500
08/19/22, 445.00, 445.00, 440.00, 440.50, 1200
08/18/22, 440.00, 440.00, 440.00, 440.00, 6500
08/17/22, 440.00, 440.00, 440.00, 440.00, 300
08/16/22, 430.00, 430.00, 430.00, 430.00, 1000
08/15/22, 438.00, 438.00, 430.00, 430.75, 1100
08/12/22, 445.00, 445.00, 445.00, 445.00, 1000
08/11/22, 445.00, 445.00, 445.00, 445.00, 100
08/10/22, 438.00, 440.00, 438.00, 438.00, 15700
08/08/22, 445.00, 445.00, 445.00, 445.00, 1100
08/04/22, 440.00, 440.00, 433.00, 434.00, 15700
08/03/22, 440.00, 440.00, 426.00, 434.00, 400
08/02/22, 440.00, 440.00, 426.00, 439.75, 16300
08/01/22, 440.00, 440.00, 440.00, 440.00, 200
07/29/22, 440.00, 440.00, 440.00, 440.00, 4500
07/27/22, 445.00, 445.00, 442.00, 444.75, 3800
07/26/22, 430.00, 430.00, 430.00, 430.00, 100
07/25/22, 445.00, 445.00, 426.00, 442.25, 4100
07/22/22, 445.00, 449.00, 445.00, 445.00, 9400
07/21/22, 445.00, 445.00, 435.00, 445.00, 12400
07/20/22, 430.00, 430.00, 430.00, 430.00, 700
07/19/22, 425.00, 425.00, 425.00, 425.00, 12000
07/18/22, 425.00, 425.00, 420.00, 420.50, 3400
07/15/22, 425.00, 425.00, 422.00, 423.50, 1000
07/14/22, 425.00, 425.00, 425.00, 425.00, 200
07/13/22, 420.00, 425.00, 420.00, 420.75, 8500
07/12/22, 420.00, 420.00, 420.00, 420.00, 3300
07/08/22, 425.00, 425.00, 412.00, 414.50, 7900
07/07/22, 415.00, 415.00, 410.00, 410.25, 231300
07/06/22, 415.00, 415.00, 415.00, 415.00, 1500
07/04/22, 420.00, 420.00, 420.00, 420.00, 800
07/01/22, 415.00, 415.00, 415.00, 415.00, 4500
06/30/22, 416.00, 416.00, 400.00, 407.75, 153600
06/29/22, 420.00, 420.00, 415.00, 416.00, 1700
06/28/22, 421.00, 421.00, 416.00, 419.50, 1200
06/27/22, 430.00, 430.00, 421.00, 423.75, 1400
06/23/22, 423.00, 423.00, 420.00, 421.00, 1200
06/22/22, 425.00, 425.00, 422.00, 424.50, 19900
06/21/22, 430.00, 430.00, 424.00, 425.25, 3700
06/20/22, 428.00, 430.00, 424.00, 424.75, 1300
06/17/22, 428.75, 428.75, 428.75, 428.75, 500
06/16/22, 429.00, 429.00, 425.00, 428.75, 12600
06/15/22, 430.00, 430.00, 430.00, 430.00, 200
06/14/22, 428.00, 428.00, 425.00, 428.00, 11200
06/08/22, 425.00, 425.00, 425.00, 425.00, 10200
06/07/22, 425.00, 430.00, 420.00, 420.00, 20200
06/06/22, 417.00, 430.00, 417.00, 418.25, 1000
06/02/22, 420.00, 430.00, 415.00, 417.00, 20200
05/31/22, 420.00, 420.00, 420.00, 420.00, 2000
05/30/22, 418.00, 420.00, 417.00, 419.75, 3500
05/27/22, 419.00, 420.00, 419.00, 419.00, 2300
05/26/22, 415.00, 416.00, 415.00, 415.75, 600
05/25/22, 416.00, 416.00, 416.00, 416.00, 100
05/24/22, 420.00, 420.00, 420.00, 420.00, 277400
05/23/22, 420.00, 420.00, 420.00, 420.00, 200
05/18/22, 420.00, 420.00, 420.00, 420.00, 500
05/17/22, 450.00, 450.00, 410.00, 416.50, 5100
05/16/22, 425.00, 448.00, 421.00, 428.75, 400
05/13/22, 421.00, 424.00, 421.00, 423.00, 300
05/12/22, 418.00, 424.00, 418.00, 421.00, 200
05/11/22, 414.00, 414.00, 400.00, 409.25, 300
05/10/22, 420.00, 420.00, 400.00, 404.00, 9300
05/06/22, 421.00, 421.00, 402.00, 417.50, 9600
05/05/22, 421.00, 421.00, 420.00, 420.75, 600
05/04/22, 425.00, 425.00, 425.00, 425.00, 600
04/28/22, 438.00, 438.00, 425.00, 433.75, 300
04/27/22, 422.00, 422.00, 421.00, 421.00, 900
04/26/22, 426.00, 426.00, 426.00, 426.00, 200
04/25/22, 452.00, 452.00, 440.00, 448.00, 1600
04/22/22, 490.00, 490.00, 478.00, 488.00, 1600
04/21/22, 490.00, 490.00, 489.50, 490.00, 2200
04/20/22, 490.00, 490.00, 486.50, 489.75, 4400
04/19/22, 490.00, 490.00, 485.00, 488.50, 1800
04/14/22, 490.00, 490.00, 490.00, 490.00, 2800
04/13/22, 490.00, 490.00, 490.00, 490.00, 1000
04/12/22, 490.00, 490.00, 490.00, 490.00, 2300
04/11/22, 495.00, 495.00, 485.00, 491.50, 1000
04/08/22, 495.00, 495.00, 490.00, 494.50, 1000
04/07/22, 485.00, 490.00, 485.00, 488.25, 600
04/05/22, 489.00, 500.00, 489.00, 491.25, 900
04/04/22, 490.00, 490.00, 485.00, 488.75, 3000
04/01/22, 490.00, 490.00, 490.00, 490.00, 10700
03/31/22, 498.50, 498.50, 495.00, 496.25, 300
03/30/22, 490.00, 500.00, 490.00, 490.50, 2100
03/29/22, 500.00, 500.00, 490.00, 493.00, 1000
03/28/22, 499.00, 500.00, 499.00, 499.25, 600
03/25/22, 490.25, 500.00, 490.25, 491.00, 4500
03/24/22, 489.00, 490.25, 486.00, 490.00, 3400
03/23/22, 488.75, 490.25, 488.75, 490.00, 3800
03/22/22, 487.00, 487.00, 487.00, 487.00, 2000
03/21/22, 490.25, 490.25, 489.75, 490.00, 1100
03/18/22, 490.00, 490.75, 489.00, 490.25, 1300
03/17/22, 485.00, 490.00, 485.00, 487.50, 2700
03/16/22, 490.00, 490.00, 490.00, 490.00, 100
03/15/22, 490.00, 490.00, 482.00, 489.25, 1000
03/14/22, 490.00, 491.00, 490.00, 491.00, 4500
03/11/22, 491.25, 491.25, 491.00, 491.00, 4300
03/10/22, 495.00, 495.00, 491.00, 493.25, 4200
03/09/22, 494.75, 495.00, 494.00, 494.75, 2700
03/08/22, 491.00, 498.00, 491.00, 495.00, 895300
03/07/22, 491.00, 491.00, 491.00, 491.00, 100
03/04/22, 499.75, 499.75, 481.00, 490.50, 1300
03/03/22, 484.00, 494.50, 483.00, 490.25, 800
03/02/22, 475.25, 482.00, 475.00, 481.50, 53400
03/01/22, 493.75, 494.50, 493.75, 494.00, 600
02/28/22, 491.00, 495.00, 470.00, 489.75, 2700
02/25/22, 499.75, 499.75, 495.00, 497.50, 200
02/24/22, 500.00, 500.00, 491.00, 496.00, 1900
02/23/22, 490.00, 500.00, 490.00, 491.25, 1700
02/22/22, 510.00, 510.00, 500.00, 503.00, 2900
02/21/22, 508.00, 512.00, 500.00, 509.00, 8600
02/18/22, 476.00, 500.00, 475.00, 490.75, 3900
02/17/22, 468.00, 468.00, 468.00, 468.00, 100
02/16/22, 468.00, 468.00, 468.00, 468.00, 200
02/15/22, 450.00, 450.00, 446.00, 447.25, 300
02/11/22, 448.00, 448.00, 432.00, 445.00, 69000
02/10/22, 430.25, 430.25, 430.00, 430.00, 300
02/09/22, 435.00, 435.00, 435.00, 435.00, 100
02/08/22, 448.00, 448.00, 430.00, 430.50, 73300
02/07/22, 449.00, 450.00, 448.00, 448.75, 1700
02/03/22, 448.00, 465.00, 448.00, 450.75, 1900
02/01/22, 449.00, 449.00, 448.00, 448.00, 20100
01/31/22, 468.00, 468.00, 468.00, 468.00, 100
01/28/22, 448.00, 448.00, 448.00, 448.00, 500
01/27/22, 446.00, 446.00, 446.00, 446.00, 1100
01/26/22, 448.00, 448.00, 447.00, 447.25, 700
01/25/22, 448.00, 448.00, 448.00, 448.00, 200
01/24/22, 438.00, 440.00, 438.00, 439.25, 300
01/21/22, 450.00, 450.00, 435.00, 448.00, 5300
01/20/22, 445.00, 450.00, 440.00, 442.75, 600
01/19/22, 450.00, 450.00, 450.00, 450.00, 300
01/18/22, 439.00, 439.00, 436.00, 437.50, 200
01/17/22, 439.00, 440.00, 439.00, 439.25, 20400
01/14/22, 440.00, 440.00, 439.00, 439.25, 9400
01/13/22, 440.00, 450.00, 440.00, 440.00, 27400
01/12/22, 442.00, 442.00, 440.00, 440.50, 400
01/11/22, 445.00, 445.00, 445.00, 445.00, 200
01/10/22, 442.00, 442.00, 442.00, 442.00, 3500
01/07/22, 442.00, 442.00, 442.00, 442.00, 500
01/06/22, 442.25, 442.25, 442.00, 442.00, 182000
01/05/22, 442.00, 442.00, 442.00, 442.00, 400
01/04/22, 440.00, 440.00, 440.00, 440.00, 300
01/03/22, 440.00, 440.00, 440.00, 440.00, 300
12/29/21, 440.00, 445.00, 440.00, 441.50, 8700
12/28/21, 435.00, 435.00, 435.00, 435.00, 1000
12/24/21, 440.00, 440.00, 440.00, 440.00, 2000
12/23/21, 440.00, 440.00, 440.00, 440.00, 4200
12/22/21, 440.00, 440.00, 435.75, 436.00, 81600
12/21/21, 435.00, 440.00, 435.00, 435.00, 25300
12/20/21, 440.00, 440.00, 435.00, 435.00, 67500
12/17/21, 431.00, 435.00, 431.00, 435.00, 10300
12/16/21, 429.00, 429.00, 429.00, 429.00, 1100
12/15/21, 429.00, 429.00, 429.00, 429.00, 200
12/14/21, 427.50, 430.00, 427.50, 427.50, 153600
12/10/21, 430.00, 430.00, 430.00, 430.00, 200
12/09/21, 430.00, 430.00, 430.00, 430.00, 100
12/07/21, 421.50, 421.50, 421.25, 421.50, 600
12/06/21, 420.25, 420.25, 420.25, 420.25, 100
12/03/21, 430.00, 430.00, 420.25, 427.00, 1500
12/02/21, 430.00, 430.00, 427.00, 428.50, 200
12/01/21, 430.00, 430.00, 430.00, 430.00, 140400
11/30/21, 434.00, 434.00, 430.00, 430.25, 1200
11/29/21, 435.00, 435.00, 430.00, 430.00, 150100
11/26/21, 434.00, 434.00, 434.00, 434.00, 2800
11/23/21, 420.00, 440.00, 420.00, 424.00, 1000
11/22/21, 425.00, 425.00, 420.00, 423.75, 2100
11/19/21, 425.00, 428.00, 425.00, 426.50, 200
11/17/21, 429.00, 429.00, 425.00, 428.75, 1900
11/16/21, 428.00, 429.00, 428.00, 428.25, 8400
11/15/21, 429.00, 429.00, 425.00, 429.00, 3800
11/12/21, 428.25, 429.00, 428.25, 429.00, 2300
11/11/21, 430.00, 430.00, 429.00, 429.00, 207800
11/10/21, 428.25, 429.75, 428.25, 429.50, 6200
11/09/21, 428.25, 428.25, 428.25, 428.25, 1100
11/08/21, 430.00, 430.00, 430.00, 430.00, 1700
11/05/21, 430.00, 430.00, 430.00, 430.00, 110900
11/04/21, 430.00, 430.00, 429.00, 429.50, 200
11/03/21, 430.00, 430.00, 430.00, 430.00, 10100
11/02/21, 430.00, 430.00, 430.00, 430.00, 69500
11/01/21, 435.00, 435.00, 430.00, 430.00, 18200
10/29/21, 430.00, 430.00, 430.00, 430.00, 1000
10/28/21, 432.50, 432.50, 430.00, 430.00, 78500
10/27/21, 432.50, 432.50, 432.50, 432.50, 300
10/26/21, 435.00, 435.00, 435.00, 435.00, 15200
10/25/21, 440.00, 440.00, 435.00, 436.25, 1300
10/22/21, 435.00, 440.00, 435.00, 435.50, 2400
10/21/21, 440.00, 440.00, 435.00, 437.50, 2200
10/19/21, 435.50, 435.50, 430.00, 430.00, 190100
10/18/21, 435.00, 435.50, 430.00, 430.00, 29800
10/15/21, 440.00, 440.00, 435.00, 435.50, 19500
10/14/21, 439.75, 440.00, 435.00, 439.75, 3000
10/13/21, 443.00, 443.00, 439.75, 441.25, 4400
10/12/21, 445.00, 445.00, 445.00, 445.00, 1000
10/08/21, 448.00, 450.00, 445.00, 445.50, 4600
10/07/21, 449.50, 450.00, 448.00, 448.00, 5700
10/06/21, 450.00, 450.00, 450.00, 450.00, 300
10/05/21, 450.00, 450.00, 447.00, 449.50, 700
10/04/21, 450.00, 450.00, 445.00, 448.75, 400
09/30/21, 453.00, 453.00, 450.00, 451.00, 900
09/29/21, 445.00, 450.00, 445.00, 446.00, 900
09/28/21, 450.00, 450.00, 445.00, 445.75, 600
09/27/21, 446.00, 450.00, 445.00, 447.00, 15800
09/24/21, 446.00, 446.00, 445.00, 446.00, 6400
09/23/21, 445.00, 446.00, 445.00, 445.50, 1500
09/22/21, 445.00, 445.00, 445.00, 445.00, 3000
09/21/21, 428.00, 455.00, 428.00, 445.75, 1800
09/20/21, 455.00, 455.00, 420.00, 449.25, 21500
09/17/21, 455.00, 455.00, 450.00, 450.00, 8100
09/16/21, 455.00, 455.00, 455.00, 455.00, 16700
09/15/21, 450.25, 455.00, 450.00, 451.00, 1500
09/14/21, 460.00, 460.00, 450.00, 455.50, 10400
09/13/21, 462.00, 462.00, 460.00, 461.00, 1600
09/10/21, 462.00, 462.00, 462.00, 462.00, 100
09/09/21, 462.00, 465.00, 458.25, 460.00, 21800
09/08/21, 463.00, 463.00, 463.00, 463.00, 1400
09/07/21, 462.00, 465.00, 462.00, 463.75, 600
09/06/21, 460.00, 462.75, 460.00, 460.50, 900
09/03/21, 470.00, 470.00, 460.00, 461.75, 11900
09/02/21, 465.00, 465.00, 465.00, 465.00, 300
09/01/21, 456.00, 457.00, 456.00, 456.50, 500
08/31/21, 466.00, 466.00, 460.00, 460.00, 65900
08/30/21, 466.00, 466.00, 466.00, 466.00, 4000
08/27/21, 466.00, 466.00, 466.00, 466.00, 3600
08/26/21, 470.00, 470.00, 465.00, 466.00, 1900
08/25/21, 470.00, 470.00, 466.00, 467.00, 2400
08/24/21, 469.50, 469.50, 466.00, 466.00, 5100
08/23/21, 469.00, 469.50, 469.00, 469.00, 7300
08/20/21, 469.00, 469.00, 469.00, 469.00, 200
08/19/21, 460.00, 460.00, 460.00, 460.00, 48000
08/18/21, 465.00, 465.00, 460.00, 461.00, 700
08/17/21, 460.00, 460.00, 456.00, 457.00, 400
08/16/21, 453.00, 480.00, 450.00, 456.00, 1800
08/13/21, 453.00, 453.00, 453.00, 453.00, 10000
08/12/21, 452.00, 452.00, 452.00, 452.00, 700
08/11/21, 450.00, 455.00, 450.00, 450.50, 54200
08/10/21, 450.00, 450.00, 450.00, 450.00, 800
08/09/21, 450.00, 485.00, 445.00, 445.50, 31100
08/06/21, 454.00, 454.00, 454.00, 454.00, 500
08/05/21, 451.00, 455.00, 450.00, 450.00, 59500
08/04/21, 460.00, 460.00, 452.00, 455.00, 57100
08/03/21, 450.00, 450.00, 450.00, 450.00, 800
08/02/21, 460.00, 461.00, 460.00, 460.25, 3100
07/30/21, 465.00, 465.00, 465.00, 465.00, 900
07/29/21, 465.00, 465.00, 465.00, 465.00, 300
07/28/21, 462.00, 462.00, 460.00, 461.50, 1100
07/27/21, 469.50, 469.50, 469.50, 469.50, 100
07/26/21, 450.00, 470.00, 450.00, 463.25, 300
07/23/21, 457.00, 457.00, 457.00, 457.00, 2800
07/22/21, 445.00, 469.00, 445.00, 457.00, 2600
07/21/21, 445.00, 450.00, 445.00, 445.00, 11600
07/19/21, 445.00, 445.00, 445.00, 445.00, 700
07/16/21, 436.50, 445.00, 436.50, 438.25, 500
07/15/21, 445.00, 445.00, 441.50, 445.00, 58800
07/13/21, 441.50, 441.50, 440.50, 441.50, 900
07/12/21, 440.00, 440.00, 435.00, 435.75, 1100
07/09/21, 445.00, 449.00, 445.00, 448.75, 14500
07/08/21, 449.50, 449.50, 445.00, 445.25, 5100
07/07/21, 436.00, 449.50, 436.00, 440.50, 400
07/06/21, 450.00, 450.00, 439.00, 448.00, 2900
07/05/21, 450.00, 450.00, 448.50, 449.50, 1100
07/01/21, 450.00, 450.00, 450.00, 450.00, 5900
06/30/21, 450.50, 450.50, 450.00, 450.00, 18200
06/29/21, 436.00, 436.00, 435.00, 435.25, 5000
06/25/21, 432.00, 433.00, 432.00, 432.00, 21100
06/24/21, 432.00, 432.00, 432.00, 432.00, 1100
06/23/21, 438.00, 438.00, 429.00, 430.25, 11300
06/22/21, 450.00, 450.00, 430.00, 437.50, 13200
06/21/21, 450.00, 450.00, 440.00, 448.50, 2600
06/18/21, 463.50, 463.50, 450.00, 450.50, 2300
06/17/21, 452.00, 452.00, 450.00, 450.25, 14100
06/16/21, 450.50, 450.50, 450.50, 450.50, 200
06/15/21, 450.25, 460.00, 450.25, 452.50, 2500
06/14/21, 469.00, 469.00, 460.00, 460.50, 10900
06/11/21, 465.00, 465.00, 464.00, 465.00, 21000
06/10/21, 465.00, 465.00, 465.00, 465.00, 5300
06/09/21, 465.00, 465.00, 465.00, 465.00, 2200
06/08/21, 465.00, 465.00, 465.00, 465.00, 2800
06/07/21, 465.00, 469.00, 461.00, 465.00, 8300
06/04/21, 469.75, 469.75, 465.00, 465.25, 2600
06/02/21, 469.75, 469.75, 468.00, 468.00, 4800
05/31/21, 470.00, 470.00, 460.75, 468.00, 14500
05/28/21, 465.00, 465.00, 464.00, 464.00, 4100
05/27/21, 465.00, 465.00, 465.00, 465.00, 100
05/26/21, 469.00, 470.00, 464.00, 467.75, 300
05/25/21, 470.00, 470.00, 461.00, 464.75, 4700
05/24/21, 472.00, 472.00, 472.00, 472.00, 100
05/21/21, 470.00, 470.00, 470.00, 470.00, 4900
05/20/21, 469.00, 469.00, 469.00, 469.00, 1000
05/19/21, 470.00, 470.00, 470.00, 470.00, 300
05/18/21, 472.00, 472.00, 468.00, 470.00, 15900
05/17/21, 472.00, 472.00, 471.75, 472.00, 400
05/13/21, 471.50, 472.00, 470.00, 471.00, 500
05/12/21, 471.25, 471.25, 471.25, 471.25, 100
05/11/21, 470.00, 479.00, 469.75, 471.25, 2100
05/10/21, 470.00, 470.00, 470.00, 470.00, 300
05/07/21, 465.00, 470.00, 465.00, 467.50, 200
05/06/21, 459.75, 462.00, 459.75, 460.00, 17600
05/04/21, 459.75, 460.00, 455.00, 457.75, 8200
05/03/21, 459.75, 459.75, 459.75, 459.75, 300
04/30/21, 460.00, 460.00, 450.75, 453.75, 1500
04/29/21, 460.00, 460.00, 460.00, 460.00, 35300
04/28/21, 460.00, 460.00, 460.00, 460.00, 4600
04/27/21, 450.00, 460.00, 450.00, 452.00, 2500
04/26/21, 433.75, 435.00, 433.75, 434.75, 3800
04/23/21, 434.00, 434.00, 433.75, 433.75, 23000
04/22/21, 435.00, 435.00, 430.00, 433.00, 63600
04/21/21, 430.00, 435.00, 430.00, 434.75, 4600
04/20/21, 430.00, 439.00, 430.00, 432.25, 400
04/19/21, 449.75, 449.75, 400.00, 437.50, 2800
04/16/21, 475.00, 475.00, 475.00, 475.00, 21000
04/15/21, 475.00, 475.00, 472.00, 474.50, 7800
04/14/21, 471.00, 472.00, 471.00, 471.00, 27400
04/13/21, 470.00, 471.00, 470.00, 470.75, 16200
04/12/21, 471.00, 471.00, 470.00, 470.75, 21900
04/09/21, 475.00, 475.00, 470.00, 470.50, 3900
04/08/21, 470.25, 475.00, 470.00, 470.25, 22500
04/07/21, 475.00, 475.00, 475.00, 475.00, 500
04/06/21, 480.00, 480.00, 470.00, 473.75, 6800
04/01/21, 475.00, 480.75, 475.00, 475.00, 157900
03/31/21, 475.00, 475.00, 475.00, 475.00, 4800
03/29/21, 482.75, 482.75, 470.00, 474.75, 119300
03/26/21, 482.00, 482.00, 480.00, 480.75, 1600
03/25/21, 480.00, 480.00, 480.00, 480.00, 2700
03/24/21, 480.00, 480.00, 475.00, 479.50, 6000
03/23/21, 481.75, 481.75, 480.00, 480.00, 71500
03/22/21, 484.00, 484.00, 480.00, 481.75, 800
03/19/21, 484.00, 484.00, 484.00, 484.00, 400
03/18/21, 480.00, 484.00, 480.00, 484.00, 10100
03/17/21, 484.00, 484.00, 480.00, 480.25, 36500
03/16/21, 484.00, 484.00, 483.75, 484.00, 1400
03/15/21, 480.00, 480.00, 480.00, 480.00, 300
03/12/21, 484.00, 485.00, 484.00, 484.50, 2900
03/11/21, 485.00, 485.00, 481.00, 481.50, 17100
03/10/21, 479.75, 485.00, 479.75, 481.50, 300
03/09/21, 479.75, 484.00, 479.75, 483.75, 17000
03/08/21, 480.50, 480.50, 441.00, 476.75, 3900
03/05/21, 480.50, 480.50, 480.00, 480.50, 1300
03/04/21, 484.00, 484.00, 480.50, 482.25, 1800
03/03/21, 484.00, 485.00, 484.00, 484.00, 36200
03/02/21, 484.00, 489.00, 484.00, 487.00, 140700
03/01/21, 484.00, 484.00, 484.00, 484.00, 32300
02/26/21, 489.50, 489.50, 489.50, 489.50, 1000
02/25/21, 490.00, 490.00, 485.00, 489.50, 33200
02/24/21, 499.75, 499.75, 485.00, 498.50, 97100
02/23/21, 499.50, 500.00, 499.00, 499.75, 3800
02/22/21, 483.50, 500.00, 483.50, 492.25, 120200
02/19/21, 470.00, 490.00, 470.00, 484.75, 13800
02/18/21, 440.00, 440.00, 437.00, 439.75, 1500
02/17/21, 437.00, 437.00, 437.00, 437.00, 100
02/16/21, 420.00, 439.00, 420.00, 437.00, 3200
02/12/21, 425.00, 429.00, 425.00, 425.00, 54600
02/11/21, 420.00, 425.00, 420.00, 424.25, 7000
02/10/21, 420.00, 420.00, 420.00, 420.00, 50000
02/09/21, 420.00, 420.00, 420.00, 420.00, 27600
02/08/21, 420.00, 420.00, 420.00, 420.00, 200
02/05/21, 413.00, 425.00, 413.00, 420.75, 400
02/04/21, 415.00, 425.00, 415.00, 415.00, 50300
02/03/21, 420.00, 420.00, 412.00, 414.75, 61200
02/02/21, 415.00, 415.00, 415.00, 415.00, 500
02/01/21, 407.50, 408.50, 406.00, 408.50, 39800
01/29/21, 405.00, 407.00, 405.00, 406.25, 62800
01/28/21, 405.00, 407.50, 405.00, 406.00, 800
01/27/21, 405.00, 405.00, 405.00, 405.00, 2500
01/26/21, 400.25, 405.00, 400.25, 400.25, 14100
01/25/21, 400.00, 400.00, 400.00, 400.00, 700
01/22/21, 395.00, 400.00, 395.00, 397.75, 32700
01/21/21, 392.00, 392.00, 392.00, 392.00, 700
01/19/21, 395.00, 395.00, 391.00, 394.00, 2600
01/18/21, 390.00, 390.00, 390.00, 390.00, 200
01/15/21, 385.00, 390.00, 385.00, 389.50, 800
01/14/21, 390.00, 390.00, 390.00, 390.00, 700
01/13/21, 385.00, 390.00, 385.00, 385.75, 1800
01/12/21, 390.00, 390.00, 385.00, 388.75, 1700
01/11/21, 390.00, 395.00, 390.00, 390.00, 41700
01/08/21, 393.00, 395.00, 390.00, 391.50, 900
01/07/21, 390.00, 390.00, 390.00, 390.00, 1800
01/06/21, 385.00, 385.00, 385.00, 385.00, 400
01/05/21, 385.00, 385.00, 385.00, 385.00, 113200
12/31/20, 361.00, 361.00, 361.00, 361.00, 200
12/30/20, 395.00, 395.00, 376.00, 383.25, 800
12/29/20, 390.00, 390.00, 390.00, 390.00, 500
12/28/20, 390.00, 390.00, 385.00, 389.50, 1600
12/24/20, 385.00, 385.00, 385.00, 385.00, 122800
12/23/20, 390.00, 390.00, 390.00, 390.00, 300
12/22/20, 390.00, 390.00, 390.00, 390.00, 54600
12/18/20, 390.00, 390.00, 390.00, 390.00, 3700
12/17/20, 390.00, 390.00, 390.00, 390.00, 1600
12/16/20, 399.75, 399.75, 390.00, 390.25, 15800
12/15/20, 393.00, 393.00, 391.25, 392.25, 1000
12/14/20, 390.00, 400.00, 390.00, 396.50, 1100
12/11/20, 390.50, 390.50, 390.00, 390.00, 3000
12/10/20, 410.00, 410.00, 390.00, 390.50, 26100
12/08/20, 385.00, 390.25, 385.00, 388.75, 700
12/07/20, 400.00, 400.00, 390.00, 390.25, 67000
12/04/20, 400.00, 400.00, 400.00, 400.00, 4000
12/03/20, 380.00, 385.00, 380.00, 380.50, 16700
12/02/20, 380.00, 380.00, 380.00, 380.00, 5000
12/01/20, 375.00, 375.00, 375.00, 375.00, 100
11/30/20, 372.00, 372.00, 372.00, 372.00, 2500
11/27/20, 372.00, 375.00, 372.00, 372.00, 50600
11/26/20, 370.00, 372.00, 370.00, 371.50, 141800
11/25/20, 370.00, 370.00, 370.00, 370.00, 4000
11/24/20, 370.00, 370.00, 370.00, 370.00, 1600
11/23/20, 370.00, 370.00, 370.00, 370.00, 227800
11/20/20, 370.00, 370.00, 370.00, 370.00, 17000
11/19/20, 380.00, 380.00, 360.00, 369.75, 10700
11/18/20, 365.00, 370.00, 365.00, 369.00, 108200
11/17/20, 365.00, 365.00, 365.00, 365.00, 200100
11/13/20, 365.00, 365.00, 365.00, 365.00, 50500
11/12/20, 365.00, 365.00, 365.00, 365.00, 14600
11/11/20, 353.00, 365.00, 353.00, 364.00, 363500
11/10/20, 350.00, 350.00, 350.00, 350.00, 700
11/09/20, 336.00, 336.00, 336.00, 336.00, 400
11/06/20, 350.00, 350.00, 350.00, 350.00, 23400
11/05/20, 341.00, 350.00, 341.00, 350.00, 100900
11/04/20, 345.00, 345.00, 345.00, 345.00, 100
11/02/20, 336.00, 336.00, 336.00, 336.00, 14800
10/29/20, 345.00, 350.00, 340.00, 342.00, 1500
10/28/20, 350.00, 350.00, 350.00, 350.00, 1800
10/26/20, 350.00, 350.00, 345.00, 350.00, 65400
10/23/20, 346.00, 350.00, 346.00, 349.25, 1300
10/21/20, 350.00, 350.00, 349.00, 349.25, 3100
10/19/20, 350.00, 350.00, 350.00, 350.00, 2000
10/16/20, 349.00, 349.00, 349.00, 349.00, 100
10/15/20, 336.00, 336.00, 336.00, 336.00, 700
10/14/20, 340.00, 350.00, 340.00, 340.00, 8900
10/13/20, 345.00, 345.00, 335.00, 335.50, 77300
10/12/20, 345.25, 345.25, 345.00, 345.00, 900
10/09/20, 345.00, 345.00, 345.00, 345.00, 200
10/08/20, 345.00, 355.00, 345.00, 350.00, 20400
10/07/20, 355.00, 360.00, 355.00, 357.50, 400
10/06/20, 360.00, 365.00, 360.00, 360.00, 22600
10/05/20, 355.00, 360.00, 355.00, 359.75, 29100
10/02/20, 356.00, 356.00, 355.75, 355.75, 400
10/01/20, 356.00, 356.00, 348.00, 348.25, 36900
09/30/20, 355.00, 355.00, 345.50, 348.00, 7400
09/29/20, 355.00, 355.00, 345.00, 349.75, 40900
09/28/20, 356.00, 356.00, 350.00, 351.25, 17600
09/25/20, 355.00, 355.00, 355.00, 355.00, 1400
09/24/20, 350.00, 350.00, 342.00, 343.25, 5900
09/23/20, 340.50, 346.00, 340.50, 340.50, 31300
09/22/20, 340.00, 340.00, 340.00, 340.00, 8000
09/21/20, 332.50, 332.50, 332.50, 332.50, 100
09/18/20, 332.00, 340.00, 332.00, 333.50, 10000
09/17/20, 332.00, 332.00, 332.00, 332.00, 400
09/16/20, 331.00, 331.00, 331.00, 331.00, 1400
09/15/20, 331.00, 331.00, 331.00, 331.00, 200
09/14/20, 328.00, 331.00, 328.00, 329.00, 2400
09/10/20, 330.00, 330.00, 328.00, 329.50, 19100
09/09/20, 331.00, 331.00, 330.00, 330.00, 29800
09/08/20, 330.00, 331.00, 330.00, 331.00, 1100
09/07/20, 328.50, 328.50, 328.50, 328.50, 100
09/04/20, 330.00, 330.00, 322.00, 328.50, 9000
09/03/20, 340.00, 342.00, 325.00, 331.50, 24000
09/02/20, 326.00, 330.00, 326.00, 330.00, 11500
08/31/20, 325.00, 325.00, 322.00, 323.00, 600
08/28/20, 320.25, 325.00, 320.25, 322.75, 200
08/27/20, 322.00, 322.00, 320.00, 320.25, 10100
08/26/20, 320.00, 320.00, 319.00, 319.75, 10000
08/25/20, 319.50, 325.00, 317.00, 318.75, 15200
08/21/20, 325.00, 325.00, 319.00, 319.75, 4400
08/20/20, 325.00, 325.00, 325.00, 325.00, 200
08/19/20, 325.00, 325.00, 325.00, 325.00, 10000
08/18/20, 325.00, 325.25, 325.00, 325.25, 1400
08/17/20, 329.00, 329.00, 329.00, 329.00, 500
08/14/20, 328.00, 330.00, 328.00, 328.00, 53200
08/13/20, 329.00, 329.00, 325.00, 325.25, 1300
08/11/20, 329.00, 329.00, 329.00, 329.00, 100
08/10/20, 330.00, 330.00, 323.00, 325.50, 2000
08/07/20, 321.00, 324.00, 321.00, 322.50, 200
08/06/20, 317.00, 318.00, 317.00, 317.75, 13500
08/05/20, 325.00, 325.00, 318.00, 320.25, 800
08/04/20, 328.00, 328.00, 328.00, 328.00, 100
08/03/20, 316.00, 320.00, 316.00, 316.75, 1300
07/30/20, 323.50, 330.00, 323.50, 328.00, 700
07/29/20, 330.00, 330.00, 317.00, 323.50, 200
07/27/20, 318.00, 318.00, 315.00, 316.75, 11200
07/24/20, 315.00, 320.00, 315.00, 317.25, 4600
07/23/20, 310.00, 312.00, 310.00, 311.00, 400
07/22/20, 310.00, 310.00, 310.00, 310.00, 200
07/21/20, 310.00, 310.00, 310.00, 310.00, 154800
07/20/20, 310.00, 310.00, 310.00, 310.00, 1000400
07/17/20, 310.00, 310.00, 309.75, 310.00, 30800
07/16/20, 310.00, 310.00, 310.00, 310.00, 389300
07/15/20, 310.00, 316.00, 310.00, 310.00, 5300
07/14/20, 310.00, 310.00, 310.00, 310.00, 22900
07/13/20, 310.00, 310.00, 305.00, 309.50, 6500
07/10/20, 310.00, 310.00, 310.00, 310.00, 900
07/09/20, 310.00, 310.00, 310.00, 310.00, 100
07/08/20, 305.00, 316.00, 305.00, 310.50, 200
07/07/20, 310.00, 310.50, 310.00, 310.00, 18000
07/06/20, 316.00, 316.00, 316.00, 316.00, 100
07/03/20, 311.50, 311.50, 310.00, 310.00, 25300
07/02/20, 310.50, 310.50, 310.50, 310.50, 200
07/01/20, 317.00, 317.00, 317.00, 317.00, 200
06/30/20, 310.00, 319.00, 310.00, 317.75, 3200
06/29/20, 320.00, 320.00, 320.00, 320.00, 100
06/26/20, 320.00, 320.00, 320.00, 320.00, 100
06/25/20, 315.00, 315.00, 305.00, 310.00, 86300
06/24/20, 316.00, 316.00, 310.00, 310.25, 313800
06/23/20, 315.50, 315.50, 310.00, 315.00, 45900
06/22/20, 316.00, 316.00, 315.00, 315.00, 105100
06/19/20, 320.00, 320.00, 313.00, 315.75, 34900
06/18/20, 320.00, 320.00, 320.00, 320.00, 21000
06/17/20, 320.00, 320.00, 320.00, 320.00, 2100
06/16/20, 320.00, 320.00, 319.00, 320.00, 2200
06/15/20, 320.00, 320.00, 320.00, 320.00, 1200
06/12/20, 320.00, 320.00, 320.00, 320.00, 161300
06/11/20, 320.00, 320.00, 320.00, 320.00, 1200
06/10/20, 320.00, 320.00, 319.00, 320.00, 2700
06/09/20, 320.00, 320.00, 319.00, 319.75, 1800
06/08/20, 320.00, 320.00, 320.00, 320.00, 100
06/05/20, 320.00, 320.00, 320.00, 320.00, 86600
06/04/20, 320.00, 320.00, 316.00, 319.00, 4600
06/03/20, 320.00, 320.00, 320.00, 320.00, 20900
06/02/20, 320.00, 320.00, 320.00, 320.00, 700
05/29/20, 320.00, 320.00, 318.00, 319.50, 3800
05/28/20, 325.00, 325.00, 318.00, 320.00, 77400
05/27/20, 325.00, 326.00, 320.00, 320.00, 38200
05/26/20, 320.00, 322.00, 315.00, 320.50, 1000
05/22/20, 320.00, 320.00, 320.00, 320.00, 300
05/21/20, 320.00, 320.00, 317.50, 317.50, 152800
05/20/20, 320.00, 320.00, 316.00, 317.75, 1100
05/19/20, 320.00, 320.00, 320.00, 320.00, 1600
05/15/20, 320.00, 320.00, 315.00, 315.00, 500600
05/14/20, 320.00, 320.00, 315.00, 315.00, 165000
05/13/20, 320.00, 320.00, 315.00, 315.00, 68900
05/12/20, 320.00, 320.00, 315.00, 315.00, 900000
05/11/20, 317.00, 317.00, 316.00, 316.50, 1700
05/08/20, 316.00, 320.00, 315.00, 315.00, 778800
05/07/20, 317.00, 317.00, 315.00, 315.00, 1798900
05/06/20, 315.00, 330.00, 315.00, 315.00, 1258800
05/05/20, 325.00, 328.00, 314.00, 315.25, 500300
05/04/20, 320.00, 330.00, 320.00, 325.00, 81400
04/30/20, 320.00, 320.00, 320.00, 320.00, 2500
04/29/20, 335.00, 335.00, 325.00, 329.50, 18800
04/28/20, 340.00, 340.00, 330.00, 332.50, 1200
04/27/20, 340.00, 340.00, 338.50, 339.75, 800
04/24/20, 355.00, 355.00, 325.00, 338.50, 35700
04/23/20, 355.00, 355.00, 350.00, 350.75, 3500
04/22/20, 360.00, 360.00, 350.00, 351.25, 10400
04/21/20, 360.00, 360.00, 360.00, 360.00, 10100
04/20/20, 365.00, 365.00, 365.00, 365.00, 4800
04/17/20, 385.00, 385.00, 360.00, 364.75, 16400
04/16/20, 385.00, 390.00, 380.00, 384.25, 700
04/15/20, 360.00, 360.00, 360.00, 360.00, 11000
04/14/20, 360.00, 360.00, 360.00, 360.00, 5400
04/09/20, 360.00, 360.00, 355.50, 360.00, 6100
04/06/20, 365.00, 365.00, 360.00, 360.00, 12900
04/03/20, 370.00, 370.00, 360.00, 365.00, 200
04/01/20, 380.00, 380.00, 370.00, 378.25, 600
03/31/20, 360.00, 360.00, 360.00, 360.00, 100
03/30/20, 360.00, 360.00, 360.00, 360.00, 4600
03/27/20, 360.00, 360.00, 360.00, 360.00, 200
03/26/20, 370.00, 370.00, 360.00, 364.50, 84700
03/24/20, 380.00, 380.00, 375.00, 378.00, 500
03/23/20, 380.00, 380.00, 380.00, 380.00, 100
03/20/20, 390.00, 395.00, 385.00, 385.50, 60100
03/19/20, 400.00, 400.00, 390.00, 390.00, 15000
03/18/20, 395.00, 395.00, 395.00, 395.00, 176300
03/17/20, 400.00, 400.00, 395.00, 398.25, 1600
03/16/20, 400.00, 400.00, 400.00, 400.00, 3400
03/13/20, 401.50, 466.00, 395.50, 401.50, 1200
03/12/20, 439.25, 466.00, 435.00, 439.25, 5600
03/10/20, 466.00, 482.50, 450.00, 466.00, 3600
03/09/20, 476.00, 485.00, 465.00, 476.00, 900
03/05/20, 481.00, 483.00, 480.00, 481.00, 300
03/04/20, 484.00, 484.00, 484.00, 484.00, 100
03/03/20, 485.00, 485.00, 485.00, 485.00, 200
03/02/20, 485.00, 485.00, 485.00, 485.00, 100
02/27/20, 488.00, 490.00, 480.00, 488.00, 500
02/26/20, 490.00, 490.00, 490.00, 490.00, 500
02/21/20, 490.00, 490.00, 490.00, 490.00, 300
02/20/20, 482.75, 489.00, 480.00, 482.75, 7600
02/19/20, 499.50, 500.00, 499.00, 499.50, 1100
02/13/20, 480.00, 480.00, 480.00, 480.00, 200
02/10/20, 479.50, 480.00, 478.00, 479.50, 900
02/07/20, 480.00, 500.00, 480.00, 480.00, 279400
02/06/20, 488.50, 500.00, 479.00, 488.50, 500
02/04/20, 495.00, 500.00, 485.00, 495.00, 300
02/03/20, 500.00, 500.00, 500.00, 500.00, 200
01/31/20, 490.00, 490.00, 490.00, 490.00, 3400
01/30/20, 485.75, 490.00, 485.00, 485.75, 700
01/29/20, 490.00, 490.00, 490.00, 490.00, 5000
01/24/20, 490.00, 491.00, 490.00, 490.00, 5200
01/23/20, 489.25, 490.00, 488.00, 489.25, 27500
01/22/20, 491.00, 500.00, 490.00, 491.00, 12400
01/20/20, 499.75, 505.00, 495.00, 499.75, 6000
01/16/20, 485.00, 495.00, 485.00, 485.00, 554900
01/15/20, 482.25, 495.00, 480.25, 482.25, 18400
01/13/20, 502.00, 503.00, 500.00, 502.00, 500
01/10/20, 505.00, 505.00, 505.00, 505.00, 1500
01/09/20, 502.00, 505.00, 500.00, 502.00, 1500
01/07/20, 500.00, 500.00, 500.00, 500.00, 100
01/06/20, 470.00, 470.00, 470.00, 470.00, 100
01/03/20, 472.00, 472.00, 472.00, 472.00, 200
01/02/20, 478.00, 490.00, 475.00, 478.00, 500
12/31/19, 500.00, 500.00, 500.00, 500.00, 100
12/30/19, 505.00, 505.00, 505.00, 505.00, 300
12/24/19, 471.00, 471.00, 471.00, 471.00, 500
12/23/19, 471.00, 471.00, 471.00, 471.00, 3200
12/20/19, 471.00, 471.00, 471.00, 471.00, 1000
12/19/19, 461.25, 480.00, 461.00, 461.25, 14900
12/18/19, 480.00, 480.00, 480.00, 480.00, 400
12/17/19, 480.00, 480.00, 480.00, 480.00, 400
12/16/19, 470.50, 485.00, 436.75, 470.50, 14600
12/13/19, 480.00, 480.00, 480.00, 480.00, 2100
12/11/19, 485.00, 485.00, 485.00, 485.00, 1400
12/10/19, 485.00, 485.00, 485.00, 485.00, 200
12/09/19, 485.00, 485.00, 485.00, 485.00, 2100
12/06/19, 485.00, 485.00, 485.00, 485.00, 100
12/04/19, 485.50, 491.00, 485.00, 485.50, 69000
12/03/19, 491.00, 491.00, 491.00, 491.00, 200
11/28/19, 491.00, 491.00, 491.00, 491.00, 300
11/27/19, 485.00, 485.00, 485.00, 485.00, 3000
11/26/19, 480.00, 495.00, 480.00, 480.00, 776000
11/22/19, 490.00, 490.00, 486.00, 490.00, 90100
11/21/19, 490.00, 490.00, 490.00, 490.00, 151300
11/20/19, 490.75, 510.00, 490.00, 490.75, 449400
11/19/19, 490.25, 490.50, 490.00, 490.25, 200
11/18/19, 486.75, 490.00, 485.00, 486.75, 300
11/15/19, 500.00, 500.00, 500.00, 500.00, 2400
11/13/19, 500.00, 500.00, 500.00, 500.00, 300
11/12/19, 499.25, 500.00, 497.00, 499.25, 800
11/04/19, 545.00, 545.00, 544.00, 545.00, 500
11/01/19, 498.75, 500.00, 485.00, 498.75, 217700
10/31/19, 485.00, 490.00, 485.00, 485.00, 100200
10/30/19, 485.00, 490.00, 485.00, 485.00, 170200
10/29/19, 490.00, 490.00, 490.00, 490.00, 100
10/28/19, 490.00, 490.00, 490.00, 490.00, 1100
10/25/19, 485.00, 490.00, 485.00, 485.00, 335600
10/24/19, 485.00, 490.00, 485.00, 485.00, 101800
10/23/19, 485.00, 485.00, 485.00, 485.00, 104000
10/22/19, 485.00, 485.00, 485.00, 485.00, 132000
10/16/19, 485.00, 485.00, 485.00, 485.00, 158400
10/11/19, 486.00, 490.00, 485.00, 486.00, 500
10/08/19, 485.00, 500.00, 485.00, 485.00, 131700
10/03/19, 500.00, 500.00, 500.00, 500.00, 2900
10/01/19, 510.00, 510.00, 510.00, 510.00, 600
09/30/19, 485.00, 485.00, 485.00, 485.00, 100
09/27/19, 485.75, 486.00, 485.00, 485.75, 600
09/26/19, 485.00, 485.00, 485.00, 485.00, 100
09/25/19, 485.00, 485.00, 485.00, 485.00, 328900
09/24/19, 508.00, 510.00, 500.00, 508.00, 500
09/23/19, 485.00, 485.00, 485.00, 485.00, 119800
09/20/19, 484.75, 485.00, 480.00, 484.75, 44500
09/19/19, 485.00, 485.00, 485.00, 485.00, 2600
09/17/19, 485.00, 485.00, 485.00, 485.00, 801000
09/16/19, 485.00, 485.00, 485.00, 485.00, 73200
09/13/19, 485.00, 490.00, 485.00, 485.00, 20000
09/12/19, 486.25, 490.00, 480.00, 486.25, 6400
09/10/19, 490.00, 490.00, 490.00, 490.00, 185600
09/06/19, 490.00, 505.00, 490.00, 490.00, 112100
09/04/19, 490.00, 490.00, 490.00, 490.00, 60000
09/03/19, 500.00, 500.00, 500.00, 500.00, 2800
09/02/19, 505.00, 505.00, 505.00, 505.00, 1200
08/30/19, 510.00, 511.00, 505.00, 510.00, 3600
08/29/19, 511.00, 511.00, 511.00, 511.00, 200
08/28/19, 510.00, 510.00, 510.00, 510.00, 1000
08/27/19, 511.00, 511.00, 511.00, 511.00, 36700
08/22/19, 511.00, 515.00, 510.00, 511.00, 204500
08/19/19, 520.00, 520.00, 520.00, 520.00, 100
08/16/19, 515.00, 515.00, 515.00, 515.00, 200100
08/15/19, 515.00, 516.00, 515.00, 515.00, 200000
08/13/19, 515.00, 515.00, 515.00, 515.00, 150100
08/09/19, 515.00, 515.00, 515.00, 515.00, 12000
08/08/19, 515.00, 520.00, 514.00, 515.00, 3500
08/07/19, 520.00, 520.00, 520.00, 520.00, 300
08/06/19, 513.00, 520.00, 510.00, 513.00, 800
08/02/19, 514.00, 515.00, 512.00, 514.00, 500
08/01/19, 515.00, 515.00, 515.00, 515.00, 119700
07/31/19, 515.00, 517.00, 515.00, 515.00, 25800
07/30/19, 514.00, 515.00, 512.00, 514.00, 108300
07/29/19, 515.00, 515.00, 515.00, 515.00, 238700
07/25/19, 512.00, 530.00, 512.00, 512.00, 16800
07/24/19, 514.00, 530.00, 512.00, 514.00, 248700
07/22/19, 520.00, 520.00, 520.00, 520.00, 100
07/19/19, 520.00, 520.00, 520.00, 520.00, 6100
07/18/19, 510.00, 515.00, 510.00, 510.00, 115000
07/17/19, 520.00, 520.00, 520.00, 520.00, 100
07/15/19, 520.00, 520.00, 520.00, 520.00, 200
07/12/19, 507.00, 510.00, 506.00, 507.00, 359800
07/11/19, 505.00, 506.00, 505.00, 505.00, 2000
07/09/19, 506.00, 510.00, 500.00, 506.00, 185000
07/08/19, 505.00, 505.00, 505.00, 505.00, 1700
07/05/19, 505.00, 505.00, 505.00, 505.00, 104800
07/04/19, 504.00, 505.00, 500.00, 504.00, 3700
07/03/19, 506.00, 508.00, 504.00, 506.00, 3000
07/01/19, 504.00, 505.00, 503.00, 504.00, 2200
06/28/19, 500.00, 500.00, 500.00, 500.00, 200
06/27/19, 505.00, 506.00, 505.00, 505.00, 82000
06/26/19, 505.00, 505.00, 505.00, 505.00, 2700
06/25/19, 505.00, 505.00, 505.00, 505.00, 300
06/24/19, 506.00, 506.00, 506.00, 506.00, 8800
06/21/19, 505.00, 505.00, 505.00, 505.00, 141100
06/20/19, 505.00, 505.00, 505.00, 505.00, 52300
06/19/19, 502.00, 504.00, 495.00, 502.00, 600
06/14/19, 504.00, 505.00, 495.00, 504.00, 99300
06/13/19, 503.00, 508.00, 495.00, 503.00, 700
06/12/19, 495.00, 495.00, 495.00, 495.00, 17100
06/11/19, 495.50, 500.00, 495.00, 495.50, 1600
06/10/19, 495.00, 495.00, 495.00, 495.00, 2600
06/07/19, 495.00, 495.00, 495.00, 495.00, 1700
06/06/19, 495.25, 508.00, 495.00, 495.25, 17500
06/04/19, 499.25, 500.00, 492.00, 499.25, 2300
06/03/19, 500.00, 500.00, 500.00, 500.00, 1000
05/31/19, 508.00, 508.00, 508.00, 508.00, 100
05/30/19, 500.00, 508.00, 500.00, 500.00, 3600
05/24/19, 508.00, 510.00, 500.00, 508.00, 700
05/23/19, 510.00, 510.00, 510.00, 510.00, 100
05/22/19, 486.00, 486.00, 486.00, 486.00, 100
05/21/19, 485.25, 505.00, 485.00, 485.25, 38900
05/20/19, 505.00, 506.00, 505.00, 505.00, 10900
05/17/19, 510.00, 510.00, 510.00, 510.00, 2000
05/16/19, 510.00, 510.00, 510.00, 510.00, 20100
05/15/19, 510.00, 512.00, 510.00, 510.00, 468100
05/14/19, 510.00, 511.00, 510.00, 510.00, 1500
05/13/19, 514.00, 530.00, 510.00, 514.00, 1500
05/10/19, 530.00, 530.00, 530.00, 530.00, 100
05/09/19, 544.00, 545.00, 544.00, 544.00, 5600
05/07/19, 514.00, 515.00, 505.00, 514.00, 29600
05/06/19, 505.00, 505.00, 505.00, 505.00, 200
05/02/19, 510.00, 510.00, 510.00, 510.00, 100
04/30/19, 510.00, 510.00, 510.00, 510.00, 200
04/29/19, 505.00, 506.00, 505.00, 505.00, 95700
04/26/19, 517.00, 526.00, 501.00, 517.00, 1600
04/25/19, 544.00, 545.00, 544.00, 544.00, 200
04/24/19, 544.00, 545.00, 544.00, 544.00, 51100
04/23/19, 525.00, 525.00, 525.00, 525.00, 4900
04/15/19, 544.00, 545.00, 540.00, 544.00, 10100
04/11/19, 550.00, 550.00, 550.00, 550.00, 700
04/03/19, 550.00, 550.00, 550.00, 550.00, 400
04/02/19, 538.00, 538.00, 538.00, 538.00, 100
04/01/19, 544.00, 545.00, 538.00, 544.00, 10200
03/29/19, 544.00, 550.00, 540.00, 544.00, 57900
03/28/19, 545.00, 545.00, 545.00, 545.00, 400
03/27/19, 545.00, 545.00, 545.00, 545.00, 21800
03/26/19, 538.00, 539.00, 538.00, 538.00, 200
03/21/19, 550.00, 550.00, 550.00, 550.00, 3600
03/20/19, 535.00, 540.00, 535.00, 535.00, 2200
03/19/19, 546.00, 558.00, 535.00, 546.00, 200
03/18/19, 558.00, 561.00, 550.00, 558.00, 2800
03/14/19, 580.00, 580.00, 580.00, 580.00, 500
03/13/19, 580.00, 590.00, 580.00, 580.00, 141800
03/08/19, 580.00, 600.00, 560.00, 580.00, 400
03/06/19, 604.00, 604.00, 604.00, 604.00, 5859500
03/04/19, 600.00, 600.00, 600.00, 600.00, 400
03/01/19, 599.00, 601.00, 599.00, 599.00, 331000
02/28/19, 600.00, 601.00, 600.00, 600.00, 22800
02/27/19, 608.00, 609.00, 600.00, 608.00, 355400
02/26/19, 616.00, 628.00, 610.00, 616.00, 300
02/22/19, 610.00, 610.00, 610.00, 610.00, 900
02/21/19, 614.00, 629.00, 602.00, 614.00, 1800
02/20/19, 613.00, 630.00, 601.00, 613.00, 1800
02/19/19, 635.00, 636.00, 601.00, 635.00, 312200
02/15/19, 640.00, 650.00, 640.00, 640.00, 310400
02/14/19, 639.00, 640.00, 639.00, 639.00, 5100
02/13/19, 638.00, 638.00, 638.00, 638.00, 328500
02/12/19, 583.00, 590.00, 580.00, 583.00, 48800
02/07/19, 588.00, 640.00, 578.00, 588.00, 1500
02/06/19, 643.00, 643.00, 640.00, 643.00, 2613100
02/04/19, 600.00, 600.00, 600.00, 600.00, 100
01/31/19, 640.00, 640.00, 640.00, 640.00, 300
01/30/19, 647.00, 647.00, 646.00, 647.00, 1250100
01/25/19, 648.00, 648.00, 648.00, 648.00, 100
01/24/19, 648.00, 649.00, 610.00, 648.00, 1211900
01/22/19, 670.00, 670.00, 670.00, 670.00, 100000
01/16/19, 675.00, 675.00, 675.00, 675.00, 400
01/11/19, 680.00, 680.00, 680.00, 680.00, 2000
01/10/19, 680.00, 680.00, 680.00, 680.00, 14000
12/31/18, 725.00, 725.00, 725.00, 725.00, 5000
12/24/18, 678.00, 685.00, 561.00, 678.00, 31100
12/20/18, 623.00, 645.00, 589.00, 623.00, 39000
12/19/18, 588.00, 595.00, 505.00, 588.00, 56700
12/18/18, 542.00, 550.00, 500.00, 542.00, 28200
12/17/18, 500.00, 500.00, 500.00, 500.00, 3000
12/14/18, 500.00, 500.00, 500.00, 500.00, 52600
12/13/18, 500.00, 500.00, 500.00, 500.00, 400
12/11/18, 529.00, 530.00, 529.00, 529.00, 918600
12/10/18, 516.00, 539.00, 500.00, 516.00, 2300
12/07/18, 540.00, 541.00, 540.00, 540.00, 200
12/05/18, 600.00, 600.00, 600.00, 600.00, 200
11/30/18, 634.00, 635.00, 580.00, 634.00, 50000
11/27/18, 580.00, 580.00, 580.00, 580.00, 100
11/23/18, 580.00, 580.00, 580.00, 580.00, 900
11/22/18, 590.00, 590.00, 590.00, 590.00, 500
11/21/18, 555.00, 555.00, 555.00, 555.00, 800
11/20/18, 555.00, 555.00, 555.00, 555.00, 700
11/19/18, 550.00, 550.00, 550.00, 550.00, 100
11/15/18, 550.00, 550.00, 550.00, 550.00, 200
11/08/18, 590.00, 590.00, 590.00, 590.00, 100
11/07/18, 580.00, 580.00, 580.00, 580.00, 12500
11/02/18, 580.00, 580.00, 580.00, 580.00, 300
11/01/18, 599.00, 599.00, 599.00, 599.00, 3200
10/31/18, 580.00, 580.00, 580.00, 580.00, 50500
10/29/18, 580.00, 580.00, 580.00, 580.00, 60200
10/25/18, 600.00, 600.00, 600.00, 600.00, 5500
10/24/18, 580.00, 580.00, 580.00, 580.00, 100
10/23/18, 580.00, 580.00, 580.00, 580.00, 3500
10/22/18, 598.00, 598.00, 598.00, 598.00, 800
10/19/18, 600.00, 600.00, 600.00, 600.00, 100
10/18/18, 600.00, 600.00, 600.00, 600.00, 300
10/17/18, 600.00, 600.00, 600.00, 600.00, 200
10/12/18, 600.00, 600.00, 600.00, 600.00, 100
10/11/18, 600.00, 600.00, 600.00, 600.00, 100
10/08/18, 600.00, 600.00, 600.00, 600.00, 500
10/05/18, 600.00, 600.00, 600.00, 600.00, 200
10/04/18, 600.00, 600.00, 600.00, 600.00, 16600
10/03/18, 600.00, 600.00, 600.00, 600.00, 100
10/01/18, 581.00, 581.00, 581.00, 581.00, 100
09/28/18, 580.00, 580.00, 580.00, 580.00, 200
09/27/18, 600.00, 600.00, 600.00, 600.00, 4100
09/25/18, 600.00, 600.00, 600.00, 600.00, 100
09/24/18, 600.00, 600.00, 600.00, 600.00, 100
09/21/18, 600.00, 600.00, 600.00, 600.00, 93600
09/20/18, 600.00, 600.00, 600.00, 600.00, 400
09/19/18, 600.00, 600.00, 600.00, 600.00, 400
09/18/18, 601.00, 605.00, 600.00, 601.00, 700
09/17/18, 605.00, 605.00, 605.00, 605.00, 700
09/14/18, 605.00, 605.00, 605.00, 605.00, 100
09/12/18, 609.00, 610.00, 605.00, 609.00, 7100
09/10/18, 610.00, 610.00, 610.00, 610.00, 439800
09/07/18, 616.00, 616.00, 616.00, 616.00, 5500
09/05/18, 610.00, 610.00, 610.00, 610.00, 400
09/04/18, 607.00, 610.00, 600.00, 607.00, 1600
09/03/18, 600.00, 601.00, 600.00, 600.00, 800
08/31/18, 610.00, 610.00, 609.00, 610.00, 100200
08/30/18, 609.00, 610.00, 605.00, 609.00, 252100
08/29/18, 610.00, 610.00, 610.00, 610.00, 24100
08/28/18, 601.00, 605.00, 600.00, 601.00, 2400
08/27/18, 605.00, 605.00, 605.00, 605.00, 200
08/24/18, 618.00, 618.00, 618.00, 618.00, 100
08/20/18, 619.00, 619.00, 619.00, 619.00, 400
08/16/18, 610.00, 620.00, 605.00, 610.00, 43000
08/15/18, 620.00, 620.00, 620.00, 620.00, 100
08/13/18, 600.00, 600.00, 600.00, 600.00, 200
08/08/18, 602.00, 603.00, 602.00, 602.00, 4100
08/07/18, 602.00, 602.00, 602.00, 602.00, 300
08/06/18, 601.00, 601.00, 601.00, 601.00, 400
08/03/18, 620.00, 620.00, 620.00, 620.00, 1900
08/02/18, 620.00, 620.00, 620.00, 620.00, 3200
08/01/18, 639.00, 660.00, 620.00, 639.00, 2500
07/30/18, 620.00, 620.00, 620.00, 620.00, 835500
07/27/18, 620.00, 620.00, 620.00, 620.00, 51500
07/26/18, 601.00, 601.00, 601.00, 601.00, 100
07/25/18, 620.00, 620.00, 620.00, 620.00, 15100
07/23/18, 620.00, 660.00, 620.00, 620.00, 279500
07/20/18, 600.00, 600.00, 600.00, 600.00, 500
07/19/18, 600.00, 600.00, 600.00, 600.00, 700
07/18/18, 600.00, 600.00, 600.00, 600.00, 300
07/17/18, 600.00, 601.00, 600.00, 600.00, 3700
07/13/18, 605.00, 660.00, 601.00, 605.00, 4600
07/09/18, 600.00, 600.00, 600.00, 600.00, 500
07/04/18, 600.00, 600.00, 600.00, 600.00, 200
06/28/18, 600.00, 600.00, 600.00, 600.00, 200
06/27/18, 610.00, 615.00, 610.00, 610.00, 54700
06/26/18, 614.00, 615.00, 610.00, 614.00, 1500
06/22/18, 610.00, 610.00, 610.00, 610.00, 27700
06/21/18, 620.00, 620.00, 620.00, 620.00, 100
06/20/18, 620.00, 620.00, 620.00, 620.00, 100
06/19/18, 620.00, 629.00, 620.00, 620.00, 31600
06/18/18, 625.00, 630.00, 620.00, 625.00, 200
06/13/18, 629.00, 630.00, 620.00, 629.00, 2100
06/11/18, 630.00, 631.00, 630.00, 630.00, 2000
06/07/18, 631.00, 631.00, 631.00, 631.00, 1000
05/31/18, 693.00, 710.00, 600.00, 693.00, 7600
05/29/18, 647.00, 660.00, 565.00, 647.00, 10100
05/25/18, 600.00, 601.00, 600.00, 600.00, 1400
05/24/18, 601.00, 605.00, 600.00, 601.00, 6300
05/23/18, 605.00, 605.00, 605.00, 605.00, 700
05/22/18, 605.00, 610.00, 601.00, 605.00, 200
05/18/18, 616.00, 630.00, 610.00, 616.00, 300
05/17/18, 602.00, 602.00, 602.00, 602.00, 200
05/16/18, 600.00, 602.00, 600.00, 600.00, 100000
05/15/18, 602.00, 602.00, 602.00, 602.00, 2700
05/14/18, 601.00, 630.00, 600.00, 601.00, 102300
05/11/18, 600.00, 630.00, 600.00, 600.00, 96600
05/10/18, 630.00, 630.00, 630.00, 630.00, 2000
05/09/18, 630.00, 630.00, 630.00, 630.00, 2400
05/08/18, 630.00, 630.00, 630.00, 630.00, 21000
05/07/18, 635.00, 650.00, 605.00, 635.00, 300
05/04/18, 650.00, 650.00, 650.00, 650.00, 100
05/03/18, 650.00, 650.00, 650.00, 650.00, 23400
05/02/18, 655.00, 655.00, 655.00, 655.00, 500
04/30/18, 657.00, 695.00, 655.00, 657.00, 25600
04/27/18, 659.00, 680.00, 655.00, 659.00, 1100
04/26/18, 660.00, 668.00, 660.00, 660.00, 9600
04/25/18, 668.00, 680.00, 657.00, 668.00, 200
04/23/18, 657.00, 657.00, 657.00, 657.00, 400
04/20/18, 656.00, 656.00, 656.00, 656.00, 1000
04/19/18, 655.00, 656.00, 655.00, 655.00, 101000
04/18/18, 652.00, 652.00, 652.00, 652.00, 400
04/17/18, 663.00, 670.00, 650.00, 663.00, 1500
04/13/18, 700.00, 700.00, 700.00, 700.00, 500
04/12/18, 702.00, 702.00, 702.00, 702.00, 700
04/11/18, 702.00, 702.00, 702.00, 702.00, 300
04/10/18, 702.00, 702.00, 702.00, 702.00, 100
04/09/18, 730.00, 730.00, 730.00, 730.00, 20000
04/06/18, 730.00, 730.00, 730.00, 730.00, 100
04/05/18, 755.00, 755.00, 755.00, 755.00, 100
04/04/18, 760.00, 760.00, 760.00, 760.00, 139900
03/29/18, 779.00, 784.00, 692.00, 779.00, 101000
03/28/18, 713.00, 713.00, 713.00, 713.00, 4500
03/27/18, 713.00, 714.00, 713.00, 713.00, 4200
03/26/18, 714.00, 715.00, 710.00, 714.00, 14200
03/23/18, 715.00, 719.00, 661.00, 715.00, 5300
03/22/18, 720.00, 720.00, 720.00, 720.00, 400
03/21/18, 722.00, 725.00, 720.00, 722.00, 3900
03/20/18, 723.00, 765.00, 652.00, 723.00, 39900
03/19/18, 697.00, 699.00, 696.00, 697.00, 1600
03/16/18, 699.00, 699.00, 699.00, 699.00, 100
03/15/18, 676.00, 702.00, 650.00, 676.00, 1000
03/14/18, 703.00, 710.00, 650.00, 703.00, 56400
03/13/18, 650.00, 655.00, 650.00, 650.00, 19200
03/12/18, 651.00, 700.00, 650.00, 651.00, 21000
03/09/18, 650.00, 651.00, 650.00, 650.00, 16000
03/08/18, 650.00, 650.00, 650.00, 650.00, 13100
03/07/18, 674.00, 680.00, 670.00, 674.00, 51000
03/06/18, 683.00, 700.00, 680.00, 683.00, 119100
03/05/18, 700.00, 700.00, 700.00, 700.00, 300
03/02/18, 700.00, 700.00, 700.00, 700.00, 2000
03/01/18, 769.00, 770.00, 769.00, 769.00, 1400
02/28/18, 756.00, 769.00, 693.00, 756.00, 2900
02/27/18, 769.00, 769.00, 769.00, 769.00, 2200
02/23/18, 769.00, 770.00, 760.00, 769.00, 126700
02/22/18, 770.00, 770.00, 770.00, 770.00, 100
02/16/18, 786.00, 786.00, 786.00, 786.00, 100
02/14/18, 785.00, 785.00, 785.00, 785.00, 100
02/13/18, 786.00, 790.00, 785.00, 786.00, 300
02/12/18, 783.00, 783.00, 783.00, 783.00, 9000
02/09/18, 781.00, 799.00, 779.00, 781.00, 25200
02/07/18, 799.00, 799.00, 799.00, 799.00, 200
02/05/18, 800.00, 800.00, 800.00, 800.00, 100
01/30/18, 779.00, 779.00, 779.00, 779.00, 116100
01/29/18, 760.00, 760.00, 760.00, 760.00, 100
01/26/18, 770.00, 770.00, 770.00, 770.00, 200
01/25/18, 775.00, 776.00, 775.00, 775.00, 500
01/24/18, 780.00, 780.00, 780.00, 780.00, 700
01/23/18, 776.00, 777.00, 776.00, 776.00, 1200
01/16/18, 775.00, 775.00, 775.00, 775.00, 100
01/15/18, 775.00, 775.00, 775.00, 775.00, 100
01/10/18, 753.00, 753.00, 753.00, 753.00, 500
01/09/18, 753.00, 753.00, 753.00, 753.00, 300
01/08/18, 779.00, 780.00, 760.00, 779.00, 76000
01/04/18, 761.00, 761.00, 761.00, 761.00, 4800
01/03/18, 760.00, 760.00, 760.00, 760.00, 300
12/29/17, 760.00, 760.00, 760.00, 760.00, 100
12/28/17, 780.00, 782.00, 780.00, 780.00, 4100
12/27/17, 780.00, 780.00, 780.00, 780.00, 400
12/22/17, 780.00, 780.00, 780.00, 780.00, 700
12/20/17, 795.00, 795.00, 795.00, 795.00, 8300
12/19/17, 790.00, 800.00, 785.00, 790.00, 2600
12/18/17, 775.00, 775.00, 775.00, 775.00, 100
12/15/17, 799.00, 800.00, 796.00, 799.00, 1000
12/14/17, 796.00, 796.00, 796.00, 796.00, 1800
12/11/17, 797.00, 800.00, 796.00, 797.00, 300
12/07/17, 796.00, 799.00, 796.00, 796.00, 2800
12/06/17, 799.00, 799.00, 799.00, 799.00, 1000
12/05/17, 796.00, 800.00, 795.00, 796.00, 35500
12/04/17, 800.00, 800.00, 800.00, 800.00, 2400
11/30/17, 800.00, 800.00, 800.00, 800.00, 100700
11/27/17, 800.00, 800.00, 800.00, 800.00, 1000
11/24/17, 800.00, 800.00, 800.00, 800.00, 50000
11/23/17, 780.00, 780.00, 780.00, 780.00, 500
11/21/17, 780.00, 780.00, 780.00, 780.00, 1900
11/17/17, 798.00, 799.00, 790.00, 798.00, 5300
11/16/17, 800.00, 800.00, 800.00, 800.00, 5400
11/15/17, 800.00, 800.00, 800.00, 800.00, 1500
11/14/17, 800.00, 800.00, 800.00, 800.00, 329700
11/13/17, 800.00, 800.00, 800.00, 800.00, 32200
11/10/17, 800.00, 800.00, 800.00, 800.00, 100
11/08/17, 800.00, 800.00, 800.00, 800.00, 2100
11/07/17, 800.00, 800.00, 800.00, 800.00, 1200
11/03/17, 800.00, 800.00, 800.00, 800.00, 600
10/31/17, 800.00, 800.00, 800.00, 800.00, 56400
10/27/17, 755.00, 770.00, 751.00, 755.00, 400
10/24/17, 770.00, 770.00, 770.00, 770.00, 6000
10/23/17, 752.00, 760.00, 750.00, 752.00, 4200
10/19/17, 750.00, 750.00, 750.00, 750.00, 400
10/18/17, 790.00, 800.00, 750.00, 790.00, 2000
10/17/17, 800.00, 800.00, 800.00, 800.00, 200
10/16/17, 800.00, 800.00, 800.00, 800.00, 1600
10/12/17, 807.00, 809.00, 800.00, 807.00, 11400
10/11/17, 809.00, 810.00, 800.00, 809.00, 230900
10/09/17, 800.00, 800.00, 800.00, 800.00, 70200
10/04/17, 800.00, 800.00, 800.00, 800.00, 3400
10/02/17, 800.00, 800.00, 800.00, 800.00, 300
09/29/17, 804.00, 835.00, 800.00, 804.00, 29200
09/28/17, 800.00, 800.00, 800.00, 800.00, 600
09/27/17, 800.00, 800.00, 800.00, 800.00, 400
09/26/17, 800.00, 800.00, 800.00, 800.00, 1100
09/25/17, 800.00, 800.00, 800.00, 800.00, 700
09/22/17, 800.00, 801.00, 800.00, 800.00, 600
09/21/17, 800.00, 800.00, 800.00, 800.00, 26700
09/20/17, 800.00, 800.00, 800.00, 800.00, 3100
09/18/17, 800.00, 800.00, 800.00, 800.00, 500
09/15/17, 807.00, 807.00, 807.00, 807.00, 1700
09/14/17, 807.00, 807.00, 807.00, 807.00, 2300
09/13/17, 807.00, 830.00, 800.00, 807.00, 1300
09/12/17, 840.00, 840.00, 840.00, 840.00, 100
09/07/17, 800.00, 800.00, 800.00, 800.00, 99400
09/06/17, 800.00, 800.00, 800.00, 800.00, 100900
09/05/17, 800.00, 800.00, 800.00, 800.00, 700
09/04/17, 800.00, 800.00, 800.00, 800.00, 12700
09/01/17, 800.00, 801.00, 800.00, 800.00, 29900
08/30/17, 801.00, 809.00, 800.00, 801.00, 46800
08/29/17, 804.00, 810.00, 800.00, 804.00, 800
08/28/17, 810.00, 810.00, 810.00, 810.00, 200
08/25/17, 810.00, 810.00, 810.00, 810.00, 200
08/22/17, 802.00, 802.00, 802.00, 802.00, 500
08/18/17, 801.00, 801.00, 801.00, 801.00, 9200
08/15/17, 800.00, 800.00, 800.00, 800.00, 1500
08/11/17, 800.00, 800.00, 800.00, 800.00, 45000
08/07/17, 800.00, 800.00, 800.00, 800.00, 1000
08/01/17, 800.00, 800.00, 800.00, 800.00, 1000
07/31/17, 820.00, 820.00, 820.00, 820.00, 9100
07/28/17, 820.00, 820.00, 820.00, 820.00, 100
07/27/17, 800.00, 804.00, 800.00, 800.00, 76900
07/26/17, 800.00, 800.00, 800.00, 800.00, 1000
07/25/17, 799.00, 800.00, 751.00, 799.00, 22100
07/19/17, 786.00, 800.00, 751.00, 786.00, 21100
07/18/17, 800.00, 800.00, 800.00, 800.00, 7400
07/17/17, 800.00, 800.00, 800.00, 800.00, 57500
07/13/17, 800.00, 801.00, 800.00, 800.00, 55200
07/12/17, 801.00, 801.00, 801.00, 801.00, 26400
07/11/17, 800.00, 804.00, 800.00, 800.00, 2300
07/10/17, 804.00, 804.00, 804.00, 804.00, 100
07/07/17, 803.00, 803.00, 803.00, 803.00, 100
07/05/17, 800.00, 801.00, 800.00, 800.00, 1100
07/04/17, 801.00, 801.00, 801.00, 801.00, 200
07/03/17, 801.00, 801.00, 801.00, 801.00, 600
06/30/17, 847.00, 850.00, 800.00, 847.00, 2400
06/29/17, 802.00, 802.00, 802.00, 802.00, 328900
06/27/17, 838.00, 838.00, 838.00, 838.00, 200
06/23/17, 800.00, 800.00, 800.00, 800.00, 1200
06/22/17, 800.00, 800.00, 800.00, 800.00, 2000
06/21/17, 794.00, 796.00, 794.00, 794.00, 7500
06/20/17, 795.00, 796.00, 795.00, 795.00, 102700
06/16/17, 795.00, 795.00, 795.00, 795.00, 7000
06/15/17, 795.00, 795.00, 795.00, 795.00, 500
06/13/17, 793.00, 794.00, 790.00, 793.00, 10200
06/12/17, 794.00, 795.00, 794.00, 794.00, 6000
06/08/17, 795.00, 795.00, 795.00, 795.00, 200
06/06/17, 795.00, 795.00, 795.00, 795.00, 135700
06/05/17, 790.00, 800.00, 790.00, 790.00, 4600
06/02/17, 800.00, 800.00, 800.00, 800.00, 66700
05/26/17, 799.00, 830.00, 791.00, 799.00, 1100
05/19/17, 784.00, 784.00, 784.00, 784.00, 10000
05/17/17, 781.00, 781.00, 781.00, 781.00, 154300
05/16/17, 782.00, 840.00, 780.00, 782.00, 3400
05/15/17, 783.00, 800.00, 781.00, 783.00, 2400
05/12/17, 819.00, 820.00, 781.00, 819.00, 79800
05/10/17, 781.00, 781.00, 781.00, 781.00, 100
05/09/17, 781.00, 810.00, 780.00, 781.00, 4800
05/08/17, 817.00, 817.00, 817.00, 817.00, 100
05/02/17, 817.00, 840.00, 800.00, 817.00, 25000
04/28/17, 844.00, 849.00, 781.00, 844.00, 14600
04/26/17, 845.00, 845.00, 845.00, 845.00, 11700
04/25/17, 780.00, 780.00, 780.00, 780.00, 600
04/24/17, 781.00, 781.00, 781.00, 781.00, 100
04/21/17, 770.00, 770.00, 770.00, 770.00, 100
04/20/17, 848.00, 849.00, 845.00, 848.00, 87600
04/19/17, 850.00, 850.00, 850.00, 850.00, 37000
04/13/17, 849.00, 850.00, 830.00, 849.00, 100900
04/12/17, 849.00, 850.00, 840.00, 849.00, 24000
04/11/17, 824.00, 825.00, 820.00, 824.00, 13400
04/10/17, 750.00, 750.00, 750.00, 750.00, 100
04/04/17, 830.00, 830.00, 830.00, 830.00, 17700
03/31/17, 849.00, 851.00, 800.00, 849.00, 24200
03/30/17, 800.00, 800.00, 800.00, 800.00, 13800
03/29/17, 804.00, 811.00, 800.00, 804.00, 1500
03/28/17, 813.00, 890.00, 810.00, 813.00, 2500
03/27/17, 810.00, 810.00, 810.00, 810.00, 100
03/24/17, 880.00, 880.00, 880.00, 880.00, 96100
03/23/17, 899.00, 900.00, 899.00, 899.00, 3500
03/22/17, 850.00, 855.00, 850.00, 850.00, 5100
03/20/17, 857.00, 862.00, 850.00, 857.00, 300
03/15/17, 861.00, 861.00, 861.00, 861.00, 86000
03/13/17, 858.00, 858.00, 858.00, 858.00, 300
03/09/17, 899.00, 900.00, 899.00, 899.00, 2200
03/08/17, 856.00, 856.00, 856.00, 856.00, 100
03/07/17, 900.00, 900.00, 900.00, 900.00, 100
03/03/17, 850.00, 850.00, 850.00, 850.00, 200
03/02/17, 900.00, 900.00, 900.00, 900.00, 500
03/01/17, 905.00, 906.00, 900.00, 905.00, 41300
02/28/17, 905.00, 905.00, 905.00, 905.00, 1000
02/27/17, 905.00, 905.00, 905.00, 905.00, 1600
02/23/17, 902.00, 905.00, 900.00, 902.00, 9400
02/21/17, 909.00, 910.00, 905.00, 909.00, 29800
02/20/17, 905.00, 905.00, 905.00, 905.00, 700
02/17/17, 905.00, 910.00, 901.00, 905.00, 200
02/16/17, 900.00, 900.00, 900.00, 900.00, 1000
02/13/17, 900.00, 900.00, 900.00, 900.00, 100
02/10/17, 906.00, 906.00, 906.00, 906.00, 2600
02/09/17, 901.00, 904.00, 901.00, 901.00, 1000
02/08/17, 911.00, 920.00, 901.00, 911.00, 4300
02/07/17, 901.00, 905.00, 900.00, 901.00, 65000
02/06/17, 894.00, 901.00, 875.00, 894.00, 400
02/03/17, 915.00, 920.00, 899.00, 915.00, 15000
02/02/17, 902.00, 910.00, 900.00, 902.00, 13000
01/31/17, 897.00, 900.00, 860.00, 897.00, 37800
01/30/17, 855.00, 875.00, 851.00, 855.00, 600
01/27/17, 899.00, 900.00, 897.00, 899.00, 42800
01/24/17, 899.00, 910.00, 850.00, 899.00, 156900
01/23/17, 909.00, 910.00, 905.00, 909.00, 66600
01/20/17, 910.00, 910.00, 910.00, 910.00, 80300
01/17/17, 909.00, 910.00, 900.00, 909.00, 210000
01/16/17, 900.00, 900.00, 900.00, 900.00, 1500
01/13/17, 850.00, 850.00, 850.00, 850.00, 4800
01/12/17, 850.00, 850.00, 850.00, 850.00, 400
01/11/17, 850.00, 850.00, 850.00, 850.00, 100
01/06/17, 900.00, 900.00, 900.00, 900.00, 20000
01/05/17, 900.00, 900.00, 900.00, 900.00, 10900
12/30/16, 909.00, 910.00, 878.00, 909.00, 181000
12/22/16, 835.00, 835.00, 835.00, 835.00, 100
12/21/16, 839.00, 840.00, 835.00, 839.00, 500
12/20/16, 840.00, 840.00, 840.00, 840.00, 100
12/19/16, 842.00, 842.00, 842.00, 842.00, 200
12/16/16, 840.00, 842.00, 840.00, 840.00, 28400
12/15/16, 839.00, 840.00, 835.00, 839.00, 9200
12/14/16, 839.00, 840.00, 839.00, 839.00, 13700
12/13/16, 840.00, 840.00, 840.00, 840.00, 10000
12/08/16, 840.00, 840.00, 840.00, 840.00, 100
12/07/16, 842.00, 849.00, 840.00, 842.00, 2900
12/05/16, 850.00, 850.00, 850.00, 850.00, 100
11/30/16, 850.00, 850.00, 850.00, 850.00, 14900
11/25/16, 830.00, 830.00, 830.00, 830.00, 200
11/23/16, 827.00, 827.00, 827.00, 827.00, 100
11/22/16, 830.00, 830.00, 830.00, 830.00, 4600
11/17/16, 830.00, 830.00, 830.00, 830.00, 22800
11/16/16, 828.00, 840.00, 816.00, 828.00, 200
11/08/16, 826.00, 826.00, 826.00, 826.00, 100
11/04/16, 832.00, 832.00, 832.00, 832.00, 100
11/03/16, 845.00, 845.00, 845.00, 845.00, 2000
11/01/16, 844.00, 845.00, 840.00, 844.00, 2200
10/31/16, 840.00, 840.00, 840.00, 840.00, 100
10/27/16, 840.00, 841.00, 840.00, 840.00, 1500
10/26/16, 840.00, 840.00, 840.00, 840.00, 100
10/24/16, 855.00, 855.00, 855.00, 855.00, 25700
10/21/16, 855.00, 855.00, 855.00, 855.00, 2600
10/19/16, 850.00, 850.00, 850.00, 850.00, 100
10/18/16, 840.00, 840.00, 840.00, 840.00, 500
10/17/16, 826.00, 830.00, 820.00, 826.00, 1700
10/14/16, 828.00, 828.00, 828.00, 828.00, 100
10/13/16, 828.00, 828.00, 828.00, 828.00, 500
10/12/16, 828.00, 828.00, 828.00, 828.00, 100
10/11/16, 830.00, 830.00, 830.00, 830.00, 400
10/10/16, 835.00, 835.00, 835.00, 835.00, 5000
10/07/16, 836.00, 837.00, 828.00, 836.00, 18700
10/06/16, 837.00, 840.00, 827.00, 837.00, 8600
10/04/16, 825.00, 826.00, 825.00, 825.00, 4000
10/03/16, 825.00, 825.00, 825.00, 825.00, 500
09/29/16, 820.00, 820.00, 820.00, 820.00, 500
09/28/16, 816.00, 818.00, 815.00, 816.00, 200
09/27/16, 815.00, 815.00, 815.00, 815.00, 100
09/26/16, 819.00, 819.00, 819.00, 819.00, 2400
09/20/16, 819.00, 820.00, 815.00, 819.00, 12700
09/19/16, 819.00, 820.00, 818.00, 819.00, 6400
09/16/16, 817.00, 817.00, 817.00, 817.00, 3200
09/15/16, 817.00, 817.00, 817.00, 817.00, 1000
09/14/16, 817.00, 818.00, 817.00, 817.00, 2200
09/13/16, 817.00, 818.00, 817.00, 817.00, 200
09/09/16, 817.00, 818.00, 817.00, 817.00, 2700
09/08/16, 818.00, 818.00, 818.00, 818.00, 200
09/07/16, 818.00, 818.00, 818.00, 818.00, 57000
09/06/16, 818.00, 820.00, 810.00, 818.00, 20500
09/05/16, 810.00, 810.00, 810.00, 810.00, 200
08/31/16, 830.00, 857.00, 830.00, 830.00, 357400
08/30/16, 870.00, 870.00, 870.00, 870.00, 12800
08/29/16, 870.00, 870.00, 870.00, 870.00, 1300
08/26/16, 860.00, 860.00, 860.00, 860.00, 81000
08/24/16, 860.00, 860.00, 860.00, 860.00, 22300
08/23/16, 860.00, 860.00, 860.00, 860.00, 100
08/22/16, 817.00, 817.00, 817.00, 817.00, 12100
08/19/16, 805.00, 805.00, 805.00, 805.00, 300
08/18/16, 855.00, 858.00, 830.00, 855.00, 2700
08/15/16, 857.00, 858.00, 813.00, 857.00, 9000
08/12/16, 858.00, 859.00, 850.00, 858.00, 28400
08/09/16, 858.00, 858.00, 858.00, 858.00, 28600
08/08/16, 822.00, 825.00, 820.00, 822.00, 200
08/05/16, 859.00, 860.00, 830.00, 859.00, 969800
08/04/16, 831.00, 845.00, 826.00, 831.00, 1200
08/03/16, 828.00, 828.00, 828.00, 828.00, 400
08/02/16, 830.00, 830.00, 830.00, 830.00, 200
08/01/16, 827.00, 827.00, 827.00, 827.00, 100
07/29/16, 842.00, 850.00, 827.00, 842.00, 4100
07/28/16, 835.00, 840.00, 830.00, 835.00, 200
07/26/16, 880.00, 880.00, 880.00, 880.00, 3000
07/25/16, 870.00, 870.00, 870.00, 870.00, 300
07/22/16, 869.00, 870.00, 864.00, 869.00, 60100
07/21/16, 860.00, 860.00, 860.00, 860.00, 34900
07/20/16, 830.00, 830.00, 830.00, 830.00, 1000
07/19/16, 810.00, 810.00, 810.00, 810.00, 300
07/14/16, 865.00, 865.00, 865.00, 865.00, 100
07/13/16, 865.00, 865.00, 865.00, 865.00, 200
07/12/16, 865.00, 866.00, 865.00, 865.00, 10500
07/11/16, 861.00, 862.00, 861.00, 861.00, 23600
07/08/16, 859.00, 860.00, 850.00, 859.00, 21500
07/06/16, 850.00, 850.00, 850.00, 850.00, 400
07/05/16, 841.00, 843.00, 841.00, 841.00, 2600
07/01/16, 849.00, 850.00, 835.00, 849.00, 42700
06/29/16, 835.00, 835.00, 835.00, 835.00, 1400
06/28/16, 835.00, 835.00, 835.00, 835.00, 4100
06/24/16, 850.00, 850.00, 850.00, 850.00, 1000
06/23/16, 860.00, 860.00, 860.00, 860.00, 1600
06/22/16, 857.00, 857.00, 857.00, 857.00, 31300
06/21/16, 857.00, 860.00, 810.00, 857.00, 4400
06/20/16, 860.00, 860.00, 860.00, 860.00, 1300
06/17/16, 855.00, 855.00, 855.00, 855.00, 7100
06/16/16, 855.00, 855.00, 855.00, 855.00, 1200
06/15/16, 855.00, 855.00, 855.00, 855.00, 9900
06/14/16, 850.00, 850.00, 850.00, 850.00, 3300
06/13/16, 849.00, 850.00, 840.00, 849.00, 19400
06/10/16, 850.00, 850.00, 850.00, 850.00, 11200
06/09/16, 825.00, 825.00, 825.00, 825.00, 1318300
06/08/16, 837.00, 840.00, 830.00, 837.00, 5300
06/07/16, 850.00, 850.00, 850.00, 850.00, 200
06/06/16, 849.00, 850.00, 810.00, 849.00, 215000
06/03/16, 811.00, 811.00, 811.00, 811.00, 700
06/02/16, 838.00, 850.00, 835.00, 838.00, 1500
05/31/16, 835.00, 850.00, 820.00, 835.00, 10500
05/30/16, 820.00, 821.00, 820.00, 820.00, 200
05/27/16, 826.00, 826.00, 826.00, 826.00, 200
05/26/16, 825.00, 825.00, 825.00, 825.00, 100
05/25/16, 825.00, 825.00, 825.00, 825.00, 5600
05/23/16, 824.00, 825.00, 821.00, 824.00, 1300
05/20/16, 825.00, 825.00, 825.00, 825.00, 400
05/19/16, 825.00, 825.00, 825.00, 825.00, 3500
05/18/16, 825.00, 830.00, 825.00, 825.00, 62000
05/17/16, 819.00, 820.00, 811.00, 819.00, 1100
05/16/16, 820.00, 820.00, 820.00, 820.00, 500
05/13/16, 828.00, 828.00, 828.00, 828.00, 1400
05/12/16, 828.00, 850.00, 800.00, 828.00, 1800
05/11/16, 850.00, 850.00, 850.00, 850.00, 1600
05/10/16, 850.00, 850.00, 850.00, 850.00, 100
05/06/16, 850.00, 850.00, 850.00, 850.00, 1000
05/04/16, 855.00, 855.00, 855.00, 855.00, 500
05/03/16, 855.00, 856.00, 855.00, 855.00, 5100
04/29/16, 849.00, 850.00, 840.00, 849.00, 15200
04/28/16, 835.00, 835.00, 835.00, 835.00, 400
04/27/16, 835.00, 835.00, 835.00, 835.00, 800
04/26/16, 824.00, 830.00, 820.00, 824.00, 8600
04/22/16, 842.00, 842.00, 842.00, 842.00, 100
04/21/16, 766.00, 766.00, 766.00, 766.00, 100
04/19/16, 766.00, 766.00, 766.00, 766.00, 100
04/15/16, 775.00, 780.00, 765.00, 775.00, 2200
04/12/16, 777.00, 790.00, 775.00, 777.00, 700
04/11/16, 775.00, 775.00, 775.00, 775.00, 100
04/07/16, 800.00, 800.00, 800.00, 800.00, 310300
04/06/16, 780.00, 780.00, 780.00, 780.00, 100
04/05/16, 771.00, 772.00, 771.00, 771.00, 700
03/31/16, 849.00, 850.00, 770.00, 849.00, 20800
03/29/16, 849.00, 850.00, 849.00, 849.00, 19800
03/24/16, 843.00, 860.00, 835.00, 843.00, 2900
03/23/16, 860.00, 860.00, 860.00, 860.00, 50000
03/22/16, 862.00, 869.00, 861.00, 862.00, 600
03/21/16, 860.00, 861.00, 860.00, 860.00, 3200
03/18/16, 849.00, 850.00, 845.00, 849.00, 45000
03/17/16, 844.00, 845.00, 800.00, 844.00, 12200
03/16/16, 847.00, 850.00, 800.00, 847.00, 24400
03/11/16, 808.00, 808.00, 808.00, 808.00, 200
03/10/16, 814.00, 815.00, 780.00, 814.00, 22900
03/09/16, 783.00, 790.00, 780.00, 783.00, 700
03/08/16, 782.00, 785.00, 780.00, 782.00, 200
03/04/16, 819.00, 820.00, 790.00, 819.00, 3300
03/03/16, 840.00, 840.00, 840.00, 840.00, 1000
03/01/16, 830.00, 830.00, 830.00, 830.00, 24600
02/29/16, 846.00, 860.00, 800.00, 846.00, 2600
02/25/16, 795.00, 800.00, 790.00, 795.00, 7400
02/24/16, 790.00, 797.00, 780.00, 790.00, 300
02/23/16, 797.00, 798.00, 797.00, 797.00, 200
02/22/16, 808.00, 815.00, 800.00, 808.00, 300
02/19/16, 801.00, 806.00, 800.00, 801.00, 33600
02/17/16, 800.00, 800.00, 800.00, 800.00, 200
02/16/16, 796.00, 799.00, 795.00, 796.00, 400
02/15/16, 790.00, 790.00, 790.00, 790.00, 100
02/11/16, 799.00, 800.00, 780.00, 799.00, 11900
02/10/16, 795.00, 795.00, 795.00, 795.00, 400
02/09/16, 800.00, 800.00, 795.00, 800.00, 133800
02/08/16, 800.00, 800.00, 800.00, 800.00, 2100
02/05/16, 800.00, 800.00, 800.00, 800.00, 100
02/04/16, 805.00, 805.00, 805.00, 805.00, 200
02/03/16, 792.00, 799.00, 786.00, 792.00, 200
02/02/16, 799.00, 799.00, 799.00, 799.00, 3000
01/27/16, 800.00, 800.00, 800.00, 800.00, 130600
01/25/16, 800.00, 800.00, 800.00, 800.00, 200
01/22/16, 805.00, 805.00, 805.00, 805.00, 15000
01/21/16, 805.00, 815.00, 800.00, 805.00, 7500
01/20/16, 804.00, 805.00, 795.00, 804.00, 65100
01/19/16, 802.00, 805.00, 795.00, 802.00, 29500
01/18/16, 780.00, 780.00, 780.00, 780.00, 200
01/15/16, 800.00, 800.00, 800.00, 800.00, 19400
01/14/16, 784.00, 795.00, 780.00, 784.00, 500
01/13/16, 795.00, 795.00, 795.00, 795.00, 100
01/12/16, 799.00, 800.00, 780.00, 799.00, 58500
01/11/16, 800.00, 800.00, 800.00, 800.00, 10000
01/08/16, 800.00, 800.00, 800.00, 800.00, 100
01/07/16, 799.00, 800.00, 799.00, 799.00, 94700
01/06/16, 799.00, 800.00, 790.00, 799.00, 70000
01/05/16, 785.00, 785.00, 785.00, 785.00, 100
01/04/16, 782.00, 785.00, 780.00, 782.00, 3700
12/29/15, 785.00, 785.00, 785.00, 785.00, 600
12/23/15, 725.00, 730.00, 720.00, 725.00, 200
12/22/15, 730.00, 730.00, 730.00, 730.00, 100
12/21/15, 735.00, 735.00, 735.00, 735.00, 100
12/18/15, 788.00, 788.00, 788.00, 788.00, 44200
12/17/15, 737.00, 755.00, 736.00, 737.00, 1400
12/16/15, 755.00, 755.00, 755.00, 755.00, 100
12/15/15, 785.00, 785.00, 785.00, 785.00, 100700
12/14/15, 784.00, 785.00, 760.00, 784.00, 200200
12/11/15, 785.00, 785.00, 785.00, 785.00, 800
12/10/15, 779.00, 780.00, 750.00, 779.00, 20000
12/09/15, 777.00, 780.00, 775.00, 777.00, 200
12/08/15, 779.00, 780.00, 750.00, 779.00, 12200
12/03/15, 780.00, 785.00, 780.00, 780.00, 25000
12/02/15, 780.00, 780.00, 780.00, 780.00, 100
12/01/15, 784.00, 785.00, 746.00, 784.00, 90100
11/27/15, 785.00, 797.00, 784.00, 785.00, 48900
11/25/15, 784.00, 784.00, 784.00, 784.00, 100
11/24/15, 785.00, 796.00, 784.00, 785.00, 100400
11/20/15, 799.00, 800.00, 790.00, 799.00, 26500
11/19/15, 794.00, 795.00, 780.00, 794.00, 2200
11/18/15, 784.00, 785.00, 735.00, 784.00, 82500
11/16/15, 773.00, 790.00, 750.00, 773.00, 300
11/12/15, 780.00, 780.00, 780.00, 780.00, 100
11/11/15, 790.00, 790.00, 790.00, 790.00, 1500
11/10/15, 761.00, 796.00, 755.00, 761.00, 600
11/09/15, 790.00, 790.00, 790.00, 790.00, 1500
11/06/15, 784.00, 785.00, 745.00, 784.00, 87400
11/05/15, 780.00, 788.00, 780.00, 780.00, 47400
11/04/15, 779.00, 780.00, 770.00, 779.00, 18300
11/03/15, 770.00, 770.00, 770.00, 770.00, 500
11/02/15, 770.00, 770.00, 770.00, 770.00, 5100
10/30/15, 768.00, 769.00, 765.00, 768.00, 1000
10/29/15, 769.00, 769.00, 769.00, 769.00, 7200
10/28/15, 784.00, 785.00, 770.00, 784.00, 179900
10/27/15, 768.00, 790.00, 765.00, 768.00, 18600
10/26/15, 768.00, 769.00, 768.00, 768.00, 1200
10/23/15, 765.00, 765.00, 765.00, 765.00, 1200
10/22/15, 765.00, 765.00, 765.00, 765.00, 57000
10/21/15, 765.00, 765.00, 765.00, 765.00, 300
10/19/15, 786.00, 787.00, 780.00, 786.00, 68900
10/16/15, 796.00, 797.00, 760.00, 796.00, 358800
10/15/15, 769.00, 799.00, 765.00, 769.00, 5100
10/14/15, 779.00, 780.00, 777.00, 779.00, 45800
10/13/15, 771.00, 771.00, 771.00, 771.00, 200
10/12/15, 767.00, 771.00, 767.00, 767.00, 30600
10/09/15, 764.00, 764.00, 764.00, 764.00, 500
10/07/15, 758.00, 758.00, 758.00, 758.00, 700
10/05/15, 799.00, 800.00, 758.00, 799.00, 67100
09/30/15, 817.00, 819.00, 795.00, 817.00, 1179600
09/28/15, 788.00, 797.00, 756.00, 788.00, 2200
09/25/15, 800.00, 800.00, 798.00, 800.00, 1400000
09/24/15, 750.00, 750.00, 750.00, 750.00, 1400
09/22/15, 750.00, 750.00, 750.00, 750.00, 6100
09/21/15, 746.00, 750.00, 745.00, 746.00, 3700
09/18/15, 751.00, 757.00, 751.00, 751.00, 6500
09/17/15, 757.00, 790.00, 755.00, 757.00, 5800
09/16/15, 795.00, 800.00, 795.00, 795.00, 83300
09/15/15, 795.00, 800.00, 795.00, 795.00, 6000
09/14/15, 800.00, 800.00, 800.00, 800.00, 3900
09/11/15, 760.00, 760.00, 760.00, 760.00, 100
09/10/15, 760.00, 761.00, 760.00, 760.00, 3600
09/09/15, 757.00, 757.00, 756.00, 757.00, 21400
09/08/15, 756.00, 760.00, 755.00, 756.00, 19500
09/07/15, 743.00, 743.00, 740.00, 743.00, 2700100
09/04/15, 676.00, 711.00, 675.00, 676.00, 100000
09/03/15, 750.00, 750.00, 750.00, 750.00, 100
09/02/15, 691.00, 756.00, 678.00, 691.00, 56300
09/01/15, 753.00, 756.00, 752.00, 753.00, 3200
08/31/15, 816.00, 820.00, 747.00, 816.00, 43400
08/28/15, 746.00, 747.00, 740.00, 746.00, 80800
08/27/15, 739.00, 741.00, 711.00, 739.00, 7400
08/26/15, 746.00, 747.00, 742.00, 746.00, 56900
08/25/15, 747.00, 753.00, 741.00, 747.00, 200
08/24/15, 753.00, 753.00, 753.00, 753.00, 500
08/21/15, 829.00, 830.00, 800.00, 829.00, 127400
08/20/15, 780.00, 780.00, 780.00, 780.00, 100
08/19/15, 829.00, 830.00, 800.00, 829.00, 158900
08/18/15, 857.00, 860.00, 800.00, 857.00, 237500
08/17/15, 798.00, 800.00, 790.00, 798.00, 15200
08/14/15, 800.00, 802.00, 790.00, 800.00, 298600
08/13/15, 789.00, 790.00, 785.00, 789.00, 15600
08/11/15, 790.00, 790.00, 790.00, 790.00, 235100
08/10/15, 736.00, 736.00, 736.00, 736.00, 12200
08/07/15, 736.00, 750.00, 701.00, 736.00, 34400
08/06/15, 738.00, 739.00, 702.00, 738.00, 25000
08/05/15, 741.00, 741.00, 741.00, 741.00, 6200
07/31/15, 741.00, 741.00, 741.00, 741.00, 1200
07/29/15, 798.00, 804.00, 740.00, 798.00, 19200
07/28/15, 740.00, 740.00, 740.00, 740.00, 500
07/27/15, 743.00, 745.00, 740.00, 743.00, 400
07/22/15, 813.00, 814.00, 800.00, 813.00, 35300
07/20/15, 814.00, 815.00, 800.00, 814.00, 132200
07/17/15, 800.00, 801.00, 800.00, 800.00, 32600
07/16/15, 803.00, 805.00, 800.00, 803.00, 99500
07/15/15, 804.00, 805.00, 770.00, 804.00, 253200
07/14/15, 750.00, 770.00, 708.00, 750.00, 600
07/10/15, 708.00, 710.00, 702.00, 708.00, 18600
07/09/15, 702.00, 702.00, 702.00, 702.00, 300
07/08/15, 702.00, 702.00, 702.00, 702.00, 2300
07/03/15, 701.00, 701.00, 701.00, 701.00, 100
07/02/15, 751.00, 770.00, 750.00, 751.00, 8900
07/01/15, 750.00, 750.00, 750.00, 750.00, 100
06/30/15, 741.00, 745.00, 700.00, 741.00, 902000
06/26/15, 701.00, 701.00, 701.00, 701.00, 100
06/24/15, 700.00, 701.00, 700.00, 700.00, 7900
06/23/15, 700.00, 710.00, 700.00, 700.00, 5100
06/22/15, 701.00, 701.00, 701.00, 701.00, 200
06/19/15, 732.00, 732.00, 732.00, 732.00, 200
06/17/15, 733.00, 735.00, 701.00, 733.00, 565300
06/16/15, 701.00, 702.00, 701.00, 701.00, 300
06/15/15, 701.00, 702.00, 701.00, 701.00, 25700
06/12/15, 702.00, 704.00, 702.00, 702.00, 2100
06/11/15, 702.00, 704.00, 702.00, 702.00, 12200
06/10/15, 701.00, 707.00, 700.00, 701.00, 46300
06/09/15, 703.00, 750.00, 690.00, 703.00, 800
06/08/15, 707.00, 715.00, 700.00, 707.00, 200
06/04/15, 720.00, 720.00, 720.00, 720.00, 100
06/02/15, 785.00, 800.00, 774.00, 785.00, 202200
05/29/15, 772.00, 775.00, 750.00, 772.00, 40000
05/28/15, 738.00, 765.00, 719.00, 738.00, 148400
05/27/15, 715.00, 720.00, 715.00, 715.00, 2900
05/22/15, 730.00, 730.00, 730.00, 730.00, 100
05/21/15, 744.00, 745.00, 740.00, 744.00, 2800
05/20/15, 743.00, 770.00, 740.00, 743.00, 900
05/19/15, 772.00, 772.00, 772.00, 772.00, 66300
05/18/15, 772.00, 773.00, 720.00, 772.00, 166500
05/15/15, 774.00, 775.00, 770.00, 774.00, 59500
05/14/15, 770.00, 770.00, 770.00, 770.00, 100
05/13/15, 773.00, 775.00, 747.00, 773.00, 91600
05/12/15, 747.00, 749.00, 722.00, 747.00, 12700
05/11/15, 748.00, 750.00, 723.00, 748.00, 24600
05/08/15, 726.00, 750.00, 722.00, 726.00, 2300
05/06/15, 720.00, 721.00, 720.00, 720.00, 45500
05/05/15, 720.00, 721.00, 720.00, 720.00, 4100
04/30/15, 719.00, 720.00, 718.00, 719.00, 3200
04/29/15, 723.00, 725.00, 718.00, 723.00, 21400
04/28/15, 715.00, 716.00, 715.00, 715.00, 10900
04/27/15, 712.00, 713.00, 712.00, 712.00, 4500
04/24/15, 711.00, 770.00, 711.00, 711.00, 19100
04/23/15, 705.00, 725.00, 695.00, 705.00, 17600
04/22/15, 772.00, 798.00, 730.00, 772.00, 3000
04/21/15, 728.00, 785.00, 711.00, 728.00, 6900
04/20/15, 785.00, 799.00, 753.00, 785.00, 5000
04/17/15, 729.00, 738.00, 720.00, 729.00, 300
04/16/15, 676.00, 690.00, 670.00, 676.00, 1600
04/15/15, 720.00, 722.00, 720.00, 720.00, 19300
04/14/15, 689.00, 740.00, 680.00, 689.00, 9500
04/13/15, 731.00, 731.00, 731.00, 731.00, 100
04/10/15, 720.00, 720.00, 720.00, 720.00, 1600
04/09/15, 720.00, 720.00, 720.00, 720.00, 100
04/08/15, 799.00, 799.00, 799.00, 799.00, 1100
04/07/15, 799.00, 800.00, 799.00, 799.00, 5800
04/02/15, 800.00, 800.00, 800.00, 800.00, 10100
04/01/15, 798.00, 799.00, 780.00, 798.00, 24400
03/31/15, 799.00, 800.00, 799.00, 799.00, 1300
03/30/15, 800.00, 806.00, 713.00, 800.00, 61100
03/27/15, 811.00, 815.00, 811.00, 811.00, 54800
03/26/15, 810.00, 813.00, 810.00, 810.00, 268400
03/25/15, 811.00, 813.00, 810.00, 811.00, 11400
03/24/15, 814.00, 815.00, 813.00, 814.00, 77900
03/23/15, 814.00, 815.00, 810.00, 814.00, 2300
03/20/15, 815.00, 820.00, 805.00, 815.00, 9300
03/19/15, 815.00, 819.00, 810.00, 815.00, 34700
03/18/15, 819.00, 820.00, 816.00, 819.00, 2900
03/17/15, 820.00, 824.00, 820.00, 820.00, 7400
03/16/15, 828.00, 830.00, 827.00, 828.00, 1100
03/13/15, 831.00, 837.00, 825.00, 831.00, 23100
03/12/15, 839.00, 840.00, 838.00, 839.00, 2900
03/11/15, 845.00, 846.00, 840.00, 845.00, 11500
03/10/15, 846.00, 850.00, 845.00, 846.00, 3300
03/09/15, 850.00, 850.00, 850.00, 850.00, 4500
03/06/15, 849.00, 850.00, 842.00, 849.00, 10300
03/05/15, 850.00, 850.00, 850.00, 850.00, 200
03/04/15, 856.00, 860.00, 850.00, 856.00, 800
03/03/15, 860.00, 865.00, 860.00, 860.00, 5500
03/02/15, 866.00, 870.00, 865.00, 866.00, 15700
02/27/15, 875.00, 890.00, 871.00, 875.00, 128900
02/26/15, 878.00, 879.00, 875.00, 878.00, 1300
02/25/15, 880.00, 889.00, 880.00, 880.00, 13600
02/24/15, 892.00, 894.00, 890.00, 892.00, 9000
02/23/15, 897.00, 897.00, 897.00, 897.00, 100
02/20/15, 897.00, 898.00, 895.00, 897.00, 2800
02/19/15, 898.00, 900.00, 892.00, 898.00, 6700
02/18/15, 900.00, 900.00, 900.00, 900.00, 7000
02/16/15, 890.00, 891.00, 890.00, 890.00, 2100
02/13/15, 900.00, 900.00, 900.00, 900.00, 6400
02/12/15, 900.00, 900.00, 900.00, 900.00, 61900
02/11/15, 900.00, 900.00, 900.00, 900.00, 1000
02/10/15, 900.00, 900.00, 900.00, 900.00, 2800
02/09/15, 900.00, 900.00, 900.00, 900.00, 1000
02/06/15, 890.00, 890.00, 890.00, 890.00, 100
02/05/15, 900.00, 900.00, 900.00, 900.00, 5200
02/04/15, 900.00, 900.00, 900.00, 900.00, 17700
02/03/15, 900.00, 900.00, 900.00, 900.00, 5800
02/02/15, 900.00, 900.00, 900.00, 900.00, 1600
01/30/15, 900.00, 900.00, 900.00, 900.00, 60800
01/29/15, 900.00, 900.00, 900.00, 900.00, 1000
01/27/15, 900.00, 900.00, 900.00, 900.00, 6300
01/26/15, 901.00, 905.00, 900.00, 901.00, 300
01/22/15, 906.00, 910.00, 905.00, 906.00, 1300
01/21/15, 905.00, 905.00, 905.00, 905.00, 300
01/20/15, 900.00, 900.00, 900.00, 900.00, 2000
01/19/15, 900.00, 900.00, 900.00, 900.00, 600
01/16/15, 900.00, 900.00, 900.00, 900.00, 100
01/15/15, 900.00, 901.00, 880.00, 900.00, 32600
01/14/15, 900.00, 900.00, 900.00, 900.00, 1600
01/12/15, 901.00, 910.00, 880.00, 901.00, 1000
01/08/15, 901.00, 901.00, 901.00, 901.00, 100
01/07/15, 900.00, 901.00, 880.00, 900.00, 53100
01/06/15, 898.00, 900.00, 881.00, 898.00, 2800
01/05/15, 891.00, 900.00, 880.00, 891.00, 700
01/02/15, 901.00, 901.00, 901.00, 901.00, 5000
12/31/14, 908.00, 950.00, 900.00, 908.00, 54400
12/30/14, 900.00, 948.00, 895.00, 900.00, 135500
12/29/14, 917.00, 940.00, 885.00, 917.00, 10400
12/24/14, 903.00, 950.00, 885.00, 903.00, 56900
12/23/14, 913.00, 950.00, 900.00, 913.00, 6200
12/22/14, 933.00, 949.00, 902.00, 933.00, 1400
12/19/14, 900.00, 905.00, 900.00, 900.00, 1900
12/18/14, 900.00, 900.00, 900.00, 900.00, 69300
12/17/14, 902.00, 950.00, 900.00, 902.00, 177600
12/16/14, 931.00, 932.00, 930.00, 931.00, 35500
12/15/14, 930.00, 930.00, 930.00, 930.00, 200
12/11/14, 958.00, 980.00, 949.00, 958.00, 5200
12/10/14, 932.00, 950.00, 910.00, 932.00, 1300
12/09/14, 930.00, 950.00, 925.00, 930.00, 1000
12/08/14, 950.00, 950.00, 950.00, 950.00, 300
12/05/14, 900.00, 901.00, 900.00, 900.00, 7500
12/04/14, 900.00, 900.00, 900.00, 900.00, 100
12/03/14, 819.00, 900.00, 812.00, 819.00, 92100
12/02/14, 902.00, 903.00, 900.00, 902.00, 500
12/01/14, 900.00, 900.00, 900.00, 900.00, 30000
11/28/14, 901.00, 910.00, 900.00, 901.00, 12600
11/27/14, 900.00, 900.00, 900.00, 900.00, 1000
11/26/14, 910.00, 910.00, 910.00, 910.00, 100
11/25/14, 910.00, 910.00, 910.00, 910.00, 2100
11/24/14, 904.00, 904.00, 904.00, 904.00, 2500
11/21/14, 904.00, 950.00, 900.00, 904.00, 16600
11/20/14, 943.00, 950.00, 910.00, 943.00, 1600
11/19/14, 950.00, 950.00, 950.00, 950.00, 1100
11/18/14, 999.00, 999.00, 999.00, 999.00, 3500
11/17/14, 982.00, 990.00, 980.00, 982.00, 500
11/14/14, 1000.00, 1000.00, 1000.00, 1000.00, 500
11/13/14, 1000.00, 1000.00, 1000.00, 1000.00, 53700
11/12/14, 989.00, 1000.00, 900.00, 989.00, 75600
11/11/14, 1000.00, 1000.00, 1000.00, 1000.00, 2500
11/10/14, 1000.00, 1000.00, 1000.00, 1000.00, 400
11/07/14, 1000.00, 1000.00, 1000.00, 1000.00, 100
11/06/14, 1000.00, 1000.00, 1000.00, 1000.00, 2200
11/05/14, 1013.00, 1048.00, 1000.00, 1013.00, 1100
11/04/14, 981.00, 981.00, 981.00, 981.00, 300
11/03/14, 981.00, 1000.00, 952.00, 981.00, 1300
10/31/14, 1036.00, 1048.00, 950.00, 1036.00, 53000
10/30/14, 1047.00, 1050.00, 950.00, 1047.00, 212700
10/29/14, 994.00, 994.00, 994.00, 994.00, 100
10/28/14, 993.00, 995.00, 990.00, 993.00, 1800
10/27/14, 994.00, 995.00, 980.00, 994.00, 34300
10/24/14, 990.00, 995.00, 931.00, 990.00, 11300
10/23/14, 1023.00, 1030.00, 990.00, 1023.00, 152100
10/22/14, 993.00, 995.00, 931.00, 993.00, 15000
10/17/14, 998.00, 999.00, 995.00, 998.00, 43100
10/15/14, 999.00, 1000.00, 950.00, 999.00, 615400
10/14/14, 950.00, 950.00, 950.00, 950.00, 200
10/13/14, 902.00, 902.00, 902.00, 902.00, 100
10/10/14, 999.00, 1000.00, 876.00, 999.00, 293800
10/09/14, 926.00, 942.00, 875.00, 926.00, 5300
10/08/14, 865.00, 868.00, 865.00, 865.00, 600
10/07/14, 943.00, 945.00, 865.00, 943.00, 73900
10/06/14, 944.00, 945.00, 900.00, 944.00, 22800
10/03/14, 950.00, 950.00, 950.00, 950.00, 5000
10/02/14, 949.00, 950.00, 880.00, 949.00, 560300
10/01/14, 884.00, 885.00, 860.00, 884.00, 110100
09/30/14, 860.00, 860.00, 860.00, 860.00, 200
09/29/14, 854.00, 884.00, 850.00, 854.00, 700
09/25/14, 884.00, 890.00, 880.00, 884.00, 53900
09/24/14, 883.00, 885.00, 811.00, 883.00, 206900
09/23/14, 808.00, 850.00, 806.00, 808.00, 2100
09/22/14, 850.00, 851.00, 849.00, 850.00, 73400
09/19/14, 815.00, 820.00, 815.00, 815.00, 1100
09/18/14, 815.00, 820.00, 814.00, 815.00, 500
09/17/14, 814.00, 820.00, 801.00, 814.00, 700
09/16/14, 819.00, 822.00, 810.00, 819.00, 1400
09/15/14, 830.00, 830.00, 830.00, 830.00, 300
09/12/14, 810.00, 810.00, 810.00, 810.00, 100
09/11/14, 849.00, 850.00, 830.00, 849.00, 20000
09/10/14, 865.00, 879.00, 791.00, 865.00, 139300
09/09/14, 829.00, 840.00, 730.00, 829.00, 187300
09/08/14, 809.00, 810.00, 800.00, 809.00, 91600
09/04/14, 810.00, 810.00, 810.00, 810.00, 1100
09/03/14, 800.00, 800.00, 800.00, 800.00, 100
09/02/14, 810.00, 810.00, 810.00, 810.00, 1000
09/01/14, 809.00, 810.00, 790.00, 809.00, 33900
08/29/14, 790.00, 790.00, 790.00, 790.00, 500
08/28/14, 799.00, 800.00, 790.00, 799.00, 20100
08/27/14, 802.00, 805.00, 800.00, 802.00, 239500
08/26/14, 790.00, 795.00, 790.00, 790.00, 101500
08/25/14, 790.00, 791.00, 790.00, 790.00, 600
08/22/14, 806.00, 810.00, 800.00, 806.00, 4300
08/20/14, 801.00, 825.00, 800.00, 801.00, 12500
08/19/14, 799.00, 801.00, 750.00, 799.00, 676800
08/18/14, 733.00, 750.00, 700.00, 733.00, 25600
08/14/14, 702.00, 705.00, 700.00, 702.00, 2000
08/13/14, 700.00, 700.00, 700.00, 700.00, 6300
08/12/14, 700.00, 700.00, 700.00, 700.00, 17300
08/11/14, 699.00, 700.00, 699.00, 699.00, 13200
08/07/14, 699.00, 700.00, 652.00, 699.00, 122600
08/06/14, 680.00, 685.00, 680.00, 680.00, 2700
08/05/14, 695.00, 695.00, 695.00, 695.00, 200
08/01/14, 680.00, 680.00, 680.00, 680.00, 6500
07/31/14, 650.00, 650.00, 650.00, 650.00, 100
07/30/14, 652.00, 652.00, 652.00, 652.00, 100
07/28/14, 651.00, 651.00, 651.00, 651.00, 2000
07/25/14, 684.00, 685.00, 680.00, 684.00, 11400
07/24/14, 682.00, 690.00, 680.00, 682.00, 800
07/23/14, 699.00, 699.00, 699.00, 699.00, 200
07/22/14, 680.00, 685.00, 680.00, 680.00, 210100
07/21/14, 651.00, 651.00, 651.00, 651.00, 6200
07/18/14, 650.00, 650.00, 650.00, 650.00, 100
07/17/14, 680.00, 680.00, 680.00, 680.00, 3000
07/16/14, 640.00, 640.00, 640.00, 640.00, 200
07/15/14, 631.00, 631.00, 631.00, 631.00, 2000
07/11/14, 680.00, 680.00, 680.00, 680.00, 8500
07/09/14, 672.00, 672.00, 672.00, 672.00, 900
07/08/14, 679.00, 680.00, 635.00, 679.00, 31700
07/04/14, 680.00, 680.00, 680.00, 680.00, 58700
07/03/14, 672.00, 680.00, 670.00, 672.00, 13800
07/01/14, 678.00, 680.00, 670.00, 678.00, 7300
06/30/14, 649.00, 673.00, 617.00, 649.00, 20000
06/27/14, 612.00, 612.00, 612.00, 612.00, 100
06/26/14, 679.00, 680.00, 605.00, 679.00, 391500
06/25/14, 648.00, 650.00, 610.00, 648.00, 13000
06/24/14, 601.00, 601.00, 601.00, 601.00, 1500
06/23/14, 600.00, 600.00, 600.00, 600.00, 3600
06/20/14, 598.00, 600.00, 580.00, 598.00, 1400
06/19/14, 580.00, 580.00, 580.00, 580.00, 200
06/17/14, 591.00, 591.00, 591.00, 591.00, 100
06/16/14, 600.00, 600.00, 600.00, 600.00, 6100
06/13/14, 600.00, 600.00, 600.00, 600.00, 4700
06/12/14, 600.00, 600.00, 600.00, 600.00, 14200
06/10/14, 600.00, 600.00, 600.00, 600.00, 1600
06/09/14, 600.00, 600.00, 600.00, 600.00, 100
06/06/14, 599.00, 600.00, 599.00, 599.00, 4500
06/05/14, 600.00, 600.00, 600.00, 600.00, 13300
06/04/14, 600.00, 600.00, 600.00, 600.00, 600
06/03/14, 600.00, 600.00, 600.00, 600.00, 6000
05/30/14, 600.00, 600.00, 600.00, 600.00, 10700
05/29/14, 600.00, 600.00, 600.00, 600.00, 1100
05/27/14, 600.00, 600.00, 600.00, 600.00, 2700
05/26/14, 601.00, 610.00, 600.00, 601.00, 4000
05/23/14, 600.00, 600.00, 600.00, 600.00, 100
05/22/14, 600.00, 600.00, 600.00, 600.00, 8600
05/21/14, 600.00, 600.00, 600.00, 600.00, 400
05/20/14, 600.00, 600.00, 600.00, 600.00, 2300
05/19/14, 590.00, 590.00, 590.00, 590.00, 100
05/16/14, 600.00, 600.00, 600.00, 600.00, 100
05/15/14, 600.00, 600.00, 600.00, 600.00, 3000
05/14/14, 600.00, 600.00, 600.00, 600.00, 400
05/13/14, 600.00, 600.00, 600.00, 600.00, 115200
05/12/14, 600.00, 600.00, 600.00, 600.00, 200
05/09/14, 600.00, 600.00, 600.00, 600.00, 500
05/08/14, 600.00, 600.00, 576.00, 600.00, 1250400
05/07/14, 588.00, 595.00, 574.00, 588.00, 24000
05/06/14, 572.00, 575.00, 570.00, 572.00, 284500
05/05/14, 566.00, 570.00, 566.00, 566.00, 1100
05/02/14, 571.00, 571.00, 571.00, 571.00, 2000
04/30/14, 579.00, 579.00, 579.00, 579.00, 100
04/29/14, 567.00, 570.00, 566.00, 567.00, 2200
04/28/14, 566.00, 566.00, 566.00, 566.00, 24200
04/25/14, 555.00, 556.00, 555.00, 555.00, 200
04/24/14, 553.00, 555.00, 553.00, 553.00, 1600
04/22/14, 545.00, 571.00, 540.00, 545.00, 2000
04/16/14, 580.00, 580.00, 580.00, 580.00, 1000
04/15/14, 577.00, 580.00, 570.00, 577.00, 800
04/14/14, 570.00, 570.00, 570.00, 570.00, 200
04/11/14, 570.00, 570.00, 570.00, 570.00, 8600
04/10/14, 569.00, 570.00, 530.00, 569.00, 73200
04/08/14, 570.00, 570.00, 570.00, 570.00, 8400
04/07/14, 521.00, 521.00, 521.00, 521.00, 500
04/04/14, 575.00, 576.00, 575.00, 575.00, 8100
04/03/14, 575.00, 577.00, 575.00, 575.00, 1900
04/02/14, 600.00, 600.00, 600.00, 600.00, 500
04/01/14, 611.00, 615.00, 610.00, 611.00, 1600
03/31/14, 619.00, 629.00, 615.00, 619.00, 300
03/28/14, 632.00, 635.00, 630.00, 632.00, 17600
03/27/14, 632.00, 634.00, 616.00, 632.00, 15600
03/26/14, 633.00, 633.00, 633.00, 633.00, 130300
03/25/14, 635.00, 635.00, 635.00, 635.00, 300
03/24/14, 615.00, 616.00, 615.00, 615.00, 11100
03/21/14, 620.00, 620.00, 620.00, 620.00, 400
03/20/14, 620.00, 620.00, 620.00, 620.00, 700
03/19/14, 615.00, 625.00, 615.00, 615.00, 21700
03/18/14, 615.00, 615.00, 615.00, 615.00, 1000
03/17/14, 610.00, 611.00, 610.00, 610.00, 1200
03/14/14, 617.00, 618.00, 615.00, 617.00, 2400
03/13/14, 613.00, 620.00, 610.00, 613.00, 600
03/12/14, 611.00, 615.00, 611.00, 611.00, 24200
03/11/14, 610.00, 610.00, 610.00, 610.00, 135700
03/10/14, 610.00, 610.00, 610.00, 610.00, 100
03/05/14, 592.00, 600.00, 586.00, 592.00, 2300
03/04/14, 587.00, 600.00, 587.00, 587.00, 5200
03/03/14, 585.00, 586.00, 585.00, 585.00, 31800
02/26/14, 578.00, 580.00, 578.00, 578.00, 15800
02/25/14, 578.00, 580.00, 553.00, 578.00, 51500
02/24/14, 577.00, 580.00, 555.00, 577.00, 31300
02/21/14, 580.00, 580.00, 580.00, 580.00, 31800
02/20/14, 546.00, 546.00, 546.00, 546.00, 800
02/19/14, 545.00, 545.00, 545.00, 545.00, 100
02/18/14, 545.00, 546.00, 545.00, 545.00, 40300
02/17/14, 545.00, 545.00, 545.00, 545.00, 500
02/14/14, 545.00, 545.00, 545.00, 545.00, 500
02/12/14, 545.00, 550.00, 545.00, 545.00, 2600
02/11/14, 548.00, 550.00, 545.00, 548.00, 2800
02/10/14, 550.00, 550.00, 550.00, 550.00, 800
02/07/14, 542.00, 545.00, 540.00, 542.00, 800
02/06/14, 540.00, 545.00, 540.00, 540.00, 10900
02/05/14, 551.00, 570.00, 546.00, 551.00, 2100
02/04/14, 575.00, 575.00, 575.00, 575.00, 10000
01/31/14, 570.00, 575.00, 550.00, 570.00, 658900
01/30/14, 550.00, 552.00, 549.00, 550.00, 87800
01/29/14, 544.00, 560.00, 540.00, 544.00, 4400
01/28/14, 574.00, 575.00, 565.00, 574.00, 27300
01/24/14, 559.00, 569.00, 550.00, 559.00, 1000
01/23/14, 575.00, 575.00, 575.00, 575.00, 4800
01/22/14, 580.00, 580.00, 580.00, 580.00, 800
01/21/14, 587.00, 589.00, 568.00, 587.00, 48800
01/20/14, 569.00, 569.00, 569.00, 569.00, 1000
01/17/14, 589.00, 590.00, 569.00, 589.00, 120300
01/15/14, 584.00, 585.00, 567.00, 584.00, 40400
01/14/14, 560.00, 560.00, 560.00, 560.00, 700
01/13/14, 589.00, 589.00, 589.00, 589.00, 500
01/10/14, 589.00, 590.00, 585.00, 589.00, 40200
01/09/14, 560.00, 560.00, 560.00, 560.00, 300
01/08/14, 560.00, 560.00, 560.00, 560.00, 100
01/07/14, 589.00, 589.00, 589.00, 589.00, 3500
01/06/14, 579.00, 580.00, 579.00, 579.00, 1600
01/03/14, 557.00, 560.00, 551.00, 557.00, 300
01/02/14, 595.00, 595.00, 595.00, 595.00, 100
12/31/13, 600.00, 600.00, 600.00, 600.00, 1600
12/24/13, 595.00, 600.00, 590.00, 595.00, 200
12/23/13, 590.00, 590.00, 590.00, 590.00, 200
12/20/13, 589.00, 590.00, 580.00, 589.00, 8000
12/18/13, 584.00, 590.00, 570.00, 584.00, 800
12/17/13, 590.00, 590.00, 590.00, 590.00, 500
12/16/13, 577.00, 590.00, 564.00, 577.00, 200
12/11/13, 564.00, 570.00, 560.00, 564.00, 1800
12/10/13, 571.00, 571.00, 571.00, 571.00, 300
12/09/13, 582.00, 590.00, 575.00, 582.00, 200
12/05/13, 600.00, 600.00, 600.00, 600.00, 100
12/04/13, 571.00, 600.00, 571.00, 571.00, 6600
12/03/13, 577.00, 579.00, 575.00, 577.00, 500
11/29/13, 579.00, 580.00, 576.00, 579.00, 5000
11/28/13, 600.00, 600.00, 600.00, 600.00, 500
11/27/13, 598.00, 600.00, 592.00, 598.00, 4000
11/26/13, 590.00, 590.00, 590.00, 590.00, 2300
11/25/13, 577.00, 577.00, 577.00, 577.00, 12600
11/22/13, 576.00, 576.00, 576.00, 576.00, 900
11/21/13, 576.00, 584.00, 575.00, 576.00, 1600
11/20/13, 575.00, 575.00, 575.00, 575.00, 2500
11/19/13, 581.00, 584.00, 580.00, 581.00, 5400
11/18/13, 575.00, 576.00, 575.00, 575.00, 200
11/15/13, 577.00, 580.00, 577.00, 577.00, 31700
11/14/13, 575.00, 575.00, 575.00, 575.00, 100
11/13/13, 578.00, 580.00, 575.00, 578.00, 800
11/12/13, 581.00, 581.00, 581.00, 581.00, 100
11/11/13, 580.00, 580.00, 580.00, 580.00, 500
11/08/13, 580.00, 580.00, 580.00, 580.00, 36300
11/07/13, 577.00, 585.00, 576.00, 577.00, 2300
11/06/13, 580.00, 590.00, 575.00, 580.00, 5900
11/05/13, 575.00, 575.00, 575.00, 575.00, 900
11/01/13, 575.00, 575.00, 575.00, 575.00, 100
10/31/13, 574.00, 580.00, 573.00, 574.00, 3600
10/30/13, 573.00, 573.00, 573.00, 573.00, 500
10/28/13, 572.00, 572.00, 572.00, 572.00, 600
10/24/13, 574.00, 574.00, 574.00, 574.00, 2300
10/23/13, 571.00, 575.00, 571.00, 571.00, 41100
10/18/13, 570.00, 571.00, 570.00, 570.00, 24600
10/17/13, 570.00, 570.00, 570.00, 570.00, 700
10/15/13, 570.00, 570.00, 570.00, 570.00, 200
10/11/13, 575.00, 575.00, 575.00, 575.00, 200
10/09/13, 575.00, 575.00, 575.00, 575.00, 14000
10/04/13, 575.00, 575.00, 575.00, 575.00, 1000
10/03/13, 575.00, 575.00, 575.00, 575.00, 1200
10/02/13, 575.00, 575.00, 575.00, 575.00, 5700
09/30/13, 575.00, 575.00, 575.00, 575.00, 300
09/27/13, 575.00, 575.00, 575.00, 575.00, 1900
09/26/13, 573.00, 574.00, 571.00, 573.00, 2900
09/25/13, 570.00, 570.00, 570.00, 570.00, 700
09/24/13, 573.00, 575.00, 570.00, 573.00, 3400
09/23/13, 568.00, 569.00, 568.00, 568.00, 500
09/19/13, 568.00, 570.00, 567.00, 568.00, 10700
09/18/13, 574.00, 575.00, 574.00, 574.00, 16600
09/17/13, 569.00, 570.00, 560.00, 569.00, 15900
09/16/13, 570.00, 570.00, 570.00, 570.00, 500
09/13/13, 575.00, 575.00, 575.00, 575.00, 2100
09/12/13, 575.00, 575.00, 575.00, 575.00, 1600
09/11/13, 575.00, 575.00, 575.00, 575.00, 134200
09/09/13, 575.00, 575.00, 575.00, 575.00, 1300
09/06/13, 575.00, 575.00, 575.00, 575.00, 11300
09/04/13, 575.00, 575.00, 575.00, 575.00, 4600
09/03/13, 570.00, 570.00, 570.00, 570.00, 900
09/02/13, 570.00, 571.00, 570.00, 570.00, 8700
08/29/13, 574.00, 574.00, 574.00, 574.00, 100
08/28/13, 570.00, 575.00, 560.00, 570.00, 1500
08/26/13, 575.00, 575.00, 575.00, 575.00, 115800
08/23/13, 575.00, 575.00, 574.00, 575.00, 2120300
08/22/13, 562.00, 570.00, 560.00, 562.00, 2200
08/21/13, 572.00, 573.00, 570.00, 572.00, 1100
08/20/13, 570.00, 570.00, 570.00, 570.00, 100
08/19/13, 574.00, 575.00, 570.00, 574.00, 32900
08/16/13, 573.00, 575.00, 570.00, 573.00, 1200
08/15/13, 570.00, 570.00, 570.00, 570.00, 800
08/14/13, 577.00, 580.00, 574.00, 577.00, 188900
08/13/13, 574.00, 575.00, 570.00, 574.00, 59900
08/12/13, 570.00, 570.00, 570.00, 570.00, 200
08/08/13, 570.00, 570.00, 570.00, 570.00, 500
08/07/13, 571.00, 575.00, 570.00, 571.00, 1500
08/06/13, 570.00, 573.00, 570.00, 570.00, 19600
08/05/13, 570.00, 570.00, 570.00, 570.00, 200
08/01/13, 574.00, 574.00, 574.00, 574.00, 100
07/31/13, 574.00, 574.00, 574.00, 574.00, 400
07/30/13, 574.00, 574.00, 574.00, 574.00, 11700
07/29/13, 575.00, 575.00, 575.00, 575.00, 400
07/26/13, 570.00, 580.00, 564.00, 570.00, 400
07/25/13, 576.00, 577.00, 575.00, 576.00, 3000
07/24/13, 575.00, 577.00, 575.00, 575.00, 20100
07/23/13, 575.00, 575.00, 575.00, 575.00, 100
07/22/13, 574.00, 577.00, 573.00, 574.00, 11700
07/19/13, 573.00, 575.00, 560.00, 573.00, 11400
07/16/13, 572.00, 575.00, 557.00, 572.00, 700
07/12/13, 555.00, 555.00, 555.00, 555.00, 300
07/11/13, 555.00, 555.00, 555.00, 555.00, 300
07/10/13, 552.00, 552.00, 552.00, 552.00, 800
07/09/13, 550.00, 550.00, 550.00, 550.00, 1600
07/05/13, 551.00, 552.00, 551.00, 551.00, 46200
07/04/13, 550.00, 550.00, 550.00, 550.00, 1200
07/03/13, 565.00, 565.00, 565.00, 565.00, 700
07/02/13, 577.00, 577.00, 577.00, 577.00, 300
07/01/13, 541.00, 542.00, 540.00, 541.00, 14400
06/28/13, 543.00, 575.00, 541.00, 543.00, 1400
06/27/13, 541.00, 542.00, 541.00, 541.00, 13800
06/26/13, 541.00, 541.00, 541.00, 541.00, 800
06/25/13, 554.00, 555.00, 542.00, 554.00, 5100
06/24/13, 567.00, 574.00, 565.00, 567.00, 1300
06/21/13, 545.00, 545.00, 545.00, 545.00, 55500
06/20/13, 540.00, 540.00, 540.00, 540.00, 800
06/19/13, 540.00, 541.00, 540.00, 540.00, 1100
06/18/13, 541.00, 545.00, 540.00, 541.00, 800
06/14/13, 577.00, 578.00, 554.00, 577.00, 155300
06/13/13, 539.00, 540.00, 532.00, 539.00, 9000
06/11/13, 532.00, 535.00, 532.00, 532.00, 400
06/10/13, 539.00, 540.00, 539.00, 539.00, 1100
06/07/13, 546.00, 550.00, 545.00, 546.00, 12300
06/05/13, 550.00, 550.00, 550.00, 550.00, 700
06/04/13, 550.00, 551.00, 550.00, 550.00, 7700
06/03/13, 550.00, 550.00, 550.00, 550.00, 100
05/31/13, 550.00, 554.00, 550.00, 550.00, 1800
05/30/13, 550.00, 551.00, 550.00, 550.00, 1000
05/29/13, 551.00, 554.00, 550.00, 551.00, 300
05/28/13, 550.00, 550.00, 550.00, 550.00, 300
05/27/13, 550.00, 550.00, 550.00, 550.00, 7300
05/24/13, 550.00, 552.00, 550.00, 550.00, 9700
05/23/13, 543.00, 543.00, 543.00, 543.00, 200
05/22/13, 542.00, 550.00, 540.00, 542.00, 400
05/21/13, 550.00, 554.00, 550.00, 550.00, 2500
05/17/13, 548.00, 548.00, 548.00, 548.00, 1900
05/16/13, 548.00, 550.00, 545.00, 548.00, 56600
05/15/13, 530.00, 530.00, 530.00, 530.00, 1000
05/14/13, 530.00, 530.00, 530.00, 530.00, 500
05/10/13, 550.00, 552.00, 550.00, 550.00, 1200
05/09/13, 550.00, 550.00, 550.00, 550.00, 23600
05/08/13, 549.00, 550.00, 545.00, 549.00, 43400
05/07/13, 545.00, 549.00, 545.00, 545.00, 4300
05/06/13, 545.00, 545.00, 545.00, 545.00, 12500
05/03/13, 545.00, 545.00, 545.00, 545.00, 400
05/02/13, 545.00, 545.00, 545.00, 545.00, 2900
04/30/13, 549.00, 550.00, 530.00, 549.00, 53500
04/25/13, 560.00, 560.00, 560.00, 560.00, 100
04/23/13, 560.00, 565.00, 555.00, 560.00, 200
04/22/13, 555.00, 555.00, 555.00, 555.00, 200
04/19/13, 554.00, 555.00, 551.00, 554.00, 3700
04/18/13, 548.00, 553.00, 547.00, 548.00, 117600
04/16/13, 544.00, 544.00, 544.00, 544.00, 600
04/15/13, 543.00, 544.00, 543.00, 543.00, 4500
04/12/13, 542.00, 543.00, 542.00, 542.00, 25100
04/11/13, 542.00, 542.00, 542.00, 542.00, 2000
04/08/13, 541.00, 542.00, 541.00, 541.00, 4800
04/05/13, 542.00, 542.00, 542.00, 542.00, 3400
04/04/13, 540.00, 541.00, 540.00, 540.00, 132700
04/03/13, 540.00, 540.00, 540.00, 540.00, 15400
04/02/13, 540.00, 549.00, 540.00, 540.00, 30300
03/28/13, 540.00, 540.00, 540.00, 540.00, 15700
03/27/13, 539.00, 540.00, 535.00, 539.00, 10000
03/26/13, 539.00, 540.00, 530.00, 539.00, 167900
03/22/13, 530.00, 531.00, 530.00, 530.00, 33500
03/21/13, 530.00, 530.00, 530.00, 530.00, 7700
03/20/13, 530.00, 530.00, 530.00, 530.00, 47000
03/19/13, 530.00, 530.00, 530.00, 530.00, 18800
03/18/13, 530.00, 530.00, 530.00, 530.00, 200
03/15/13, 530.00, 535.00, 529.00, 530.00, 3400
03/14/13, 539.00, 540.00, 535.00, 539.00, 19900
03/13/13, 535.00, 537.00, 523.00, 535.00, 19500
03/12/13, 539.00, 540.00, 535.00, 539.00, 86600
03/11/13, 535.00, 535.00, 535.00, 535.00, 1100
03/08/13, 539.00, 540.00, 538.00, 539.00, 156600
03/07/13, 540.00, 540.00, 540.00, 540.00, 500
03/05/13, 537.00, 540.00, 535.00, 537.00, 75100
03/01/13, 539.00, 540.00, 535.00, 539.00, 34100
02/27/13, 530.00, 530.00, 529.00, 530.00, 22200
02/26/13, 523.00, 530.00, 520.00, 523.00, 800
02/25/13, 530.00, 530.00, 530.00, 530.00, 40200
02/22/13, 529.00, 530.00, 521.00, 529.00, 27200
02/21/13, 530.00, 532.00, 530.00, 530.00, 103700
02/19/13, 535.00, 537.00, 530.00, 535.00, 7600
02/18/13, 534.00, 534.00, 534.00, 534.00, 70700
02/15/13, 537.00, 539.00, 531.00, 537.00, 29500
02/14/13, 539.00, 540.00, 531.00, 539.00, 7500
02/13/13, 540.00, 540.00, 539.00, 540.00, 49900
02/12/13, 539.00, 540.00, 539.00, 539.00, 50900
02/11/13, 539.00, 540.00, 539.00, 539.00, 48500
02/08/13, 539.00, 540.00, 535.00, 539.00, 147000
02/07/13, 530.00, 535.00, 530.00, 530.00, 30400
02/06/13, 529.00, 530.00, 525.00, 529.00, 46900
02/05/13, 521.00, 525.00, 521.00, 521.00, 9800
02/04/13, 520.00, 520.00, 520.00, 520.00, 10700
02/01/13, 519.00, 520.00, 519.00, 519.00, 200
01/31/13, 519.00, 520.00, 517.00, 519.00, 3700
01/30/13, 517.00, 519.00, 517.00, 517.00, 18900
01/29/13, 517.00, 517.00, 517.00, 517.00, 23000
01/28/13, 517.00, 517.00, 517.00, 517.00, 53600
01/25/13, 517.00, 519.00, 515.00, 517.00, 300
01/24/13, 519.00, 520.00, 515.00, 519.00, 9900
01/23/13, 515.00, 515.00, 515.00, 515.00, 5000
01/22/13, 530.00, 540.00, 530.00, 530.00, 59000
01/18/13, 540.00, 540.00, 540.00, 540.00, 7700
01/17/13, 540.00, 540.00, 540.00, 540.00, 39500
01/16/13, 540.00, 540.00, 540.00, 540.00, 164100
01/15/13, 540.00, 540.00, 540.00, 540.00, 600
01/14/13, 540.00, 540.00, 540.00, 540.00, 100
01/11/13, 530.00, 530.00, 530.00, 530.00, 300
01/10/13, 525.00, 525.00, 525.00, 525.00, 30300
01/09/13, 524.00, 525.00, 506.00, 524.00, 290700
01/08/13, 505.00, 510.00, 504.00, 505.00, 5900
01/07/13, 504.00, 506.00, 502.00, 504.00, 1600
01/04/13, 502.00, 502.00, 502.00, 502.00, 1100
01/03/13, 500.00, 500.00, 500.00, 500.00, 16000